Guid,Name,Type,BillingStreet,BillingCity,BillingState,BillingPostalCode,BillingCountry,BillingLatitude,BillingLongitude,BillingGeocodeAccuracy,ShippingStreet,ShippingCity,ShippingState,ShippingPostalCode,ShippingCountry,ShippingLatitude,ShippingLongitude,ShippingGeocodeAccuracy,Phone,Fax,Website,Industry,AnnualRevenue,NumberOfEmployees,Description,IsCustomerPortal,Jigsaw,JigsawCompanyId,AccountSource,SicDesc,IsBuyer,ccrz__CustomField1__c,ccrz__CustomField2__c,ccrz__DataId__c,ccrz__PreventAddrBookSave__c,ccrz__PreventNewAddrCheckout__c,ccrz__PreventNewBillAddrCO__c,ccrz__SourceSystem__c,ccrz__TaxExemptAccount__c,ccrz__UsedByCloudcraze__c,SBQQ__AssetQuantitiesCombined__c,SBQQ__CoTermedContractsCombined__c,SBQQ__CoTerminationEvent__c,SBQQ__ContractCoTermination__c,SBQQ__IgnoreParentContractedPrices__c,SBQQ__PreserveBundle__c,SBQQ__PriceHoldEnd__c,SBQQ__RenewalModel__c,SBQQ__RenewalPricingMethod__c,SBQQ__TaxExempt__c,blng__CustomerProfileId__c,blng__DefaultPaymentType__c,CorporateLocations__c,FranchiseLocations__c,TaxID__c,BillingEmail__c,Test_Field__c,Custom_Account_Picklist__c
03abcdfa-25cb-4ea7-81ca-fbae1cd250c1,Meejo,Customer,16 Hinterland Cr,Algester,QLD,4115,Australia,#N/A,#N/A,#N/A,16 Hinterland Cr,Algester,QLD,4115,Australia,#N/A,#N/A,#N/A,(614) 240-4303 x7367,#N/A,#N/A,Machinery,2.90807169E8,#N/A,McMahon and Tate is the leader in Machinery in Algester,false,#N/A,#N/A,#N/A,#N/A,#N/A,#N/A,#N/A,#N/A,false,false,false,#N/A,false,false,false,false,#N/A,Never,false,true,#N/A,Contract Based,Same,No,#N/A,#N/A,#N/A,#N/A,#N/A,#N/A,#N/A,#N/A
046952c8-5209-44be-871f-b3898e160781,Blognation,Customer,1 Johnson and Johnson Plz,New Brunswick,NJ,08933-0002,United States,#N/A,#N/A,#N/A,P.O. BOX 767,Neenah,WI,54957-0767,US,#N/A,#N/A,#N/A,(301) 518-3725 x6705,#N/A,#N/A,Financial Services,7.0074E10,#N/A,Budgetworks is the leader in Financial Services in New Brunswick,false,#N/A,#N/A,#N/A,#N/A,#N/A,#N/A,#N/A,#N/A,false,false,false,#N/A,false,false,false,false,#N/A,Never,false,true,#N/A,Contract Based,Same,No,#N/A,#N/A,#N/A,#N/A,#N/A,#N/A,#N/A,#N/A
060e6f16-21ee-4982-b391-1e069ac412d4,Hyatt Hotels Corporation,Prospect,#N/A,#N/A,#N/A,#N/A,#N/A,#N/A,#N/A,#N/A,#N/A,#N/A,#N/A,#N/A,#N/A,#N/A,#N/A,#N/A,(714) 805-9375,#N/A,#N/A,Hospitality,#N/A,100000,#N/A,false,#N/A,#N/A,#N/A,#N/A,#N/A,#N/A,#N/A,#N/A,false,false,false,#N/A,false,false,false,false,#N/A,Never,false,true,#N/A,Contract Based,Same,No,#N/A,#N/A,518.0,378.0,82-1533604,ap@hyatt.com.invalid.invalid,#N/A,#N/A
06a0a1ac-e7af-4599-8c9c-f8d7fb8570dc,Yozio,Customer,Friedrich-Ebert-Allee 140,Berlin,Berlin,#N/A,Germany,#N/A,#N/A,#N/A,#N/A,#N/A,#N/A,#N/A,#N/A,#N/A,#N/A,#N/A,(703) 351-8905,#N/A,#N/A,Healthcare,6.30331409E8,#N/A,Tara Shea Micko Hospital is the leader in Healthcare in Berlin,false,#N/A,#N/A,#N/A,#N/A,#N/A,#N/A,#N/A,#N/A,false,false,false,#N/A,false,false,false,false,#N/A,Never,false,true,#N/A,Contract Based,Same,No,#N/A,#N/A,#N/A,#N/A,#N/A,#N/A,#N/A,#N/A
0758af48-b2bc-40f3-a128-a8e4632e19ec,Babbleopia,Customer,5/5a The Avenue,Balaclava,VIC,3183,Australia,#N/A,#N/A,#N/A,5/5a The Avenue,Balaclava,VIC,3183,Australia,#N/A,#N/A,#N/A,(319) 835-1545,#N/A,#N/A,Healthcare,4.15880303E8,#N/A,Praveen Kagalkar Hospital is the leader in Healthcare in Balaclava,false,#N/A,#N/A,#N/A,#N/A,#N/A,#N/A,#N/A,#N/A,false,false,false,#N/A,false,false,false,false,#N/A,Never,false,true,#N/A,Contract Based,Same,No,#N/A,#N/A,#N/A,#N/A,#N/A,#N/A,#N/A,#N/A
087e4ced-a704-420e-8389-8c2637a1175b,Avaveo,Customer,7601 Penn Ave S,Richfield,MN,55423-3683,United States,#N/A,#N/A,#N/A,#N/A,#N/A,#N/A,#N/A,#N/A,#N/A,#N/A,#N/A,(585) 901-7317,#N/A,#N/A,Services,3.9528E10,#N/A,"Kustodial Services, LLC is the leader in Services in Richfield",false,#N/A,#N/A,#N/A,#N/A,#N/A,#N/A,#N/A,#N/A,false,false,false,#N/A,false,false,false,false,#N/A,Never,false,true,#N/A,Contract Based,Same,No,#N/A,#N/A,#N/A,#N/A,#N/A,#N/A,#N/A,#N/A
08ea1dc8-05ba-450f-afbb-fe1abf6380a3,Kwimbee,Customer,3351 Michelson Dr Ste 100,Irvine,CA,92612-0697,United States,#N/A,#N/A,#N/A,3351 Michelson Dr Ste 100,#N/A,#N/A,#N/A,#N/A,#N/A,#N/A,#N/A,(347) 702-4507,#N/A,#N/A,Technology,4.3025852E10,#N/A,Abilitech Software Solutions is the leader in Technology in Irvine,false,#N/A,#N/A,#N/A,#N/A,#N/A,#N/A,#N/A,#N/A,false,false,false,#N/A,false,false,false,false,#N/A,Never,false,true,#N/A,Contract Based,Same,No,#N/A,#N/A,#N/A,#N/A,#N/A,#N/A,#N/A,#N/A
09179b71-b4fa-4103-acae-6e917a6e3219,Quinu,Customer,7 W 7th St,Cincinnati,OH,45202-2424,United States,#N/A,#N/A,#N/A,701 W Georgia St,#N/A,#N/A,#N/A,#N/A,#N/A,#N/A,#N/A,(316) 541-4734,#N/A,#N/A,Non Profit,2.7079E10,#N/A,Capitol Museum of Art is the leader in Non Profit in Cincinnati,false,#N/A,#N/A,#N/A,#N/A,#N/A,#N/A,#N/A,#N/A,false,false,false,#N/A,false,false,false,false,#N/A,Never,false,true,#N/A,Contract Based,Same,No,#N/A,#N/A,#N/A,#N/A,#N/A,#N/A,#N/A,#N/A
0b3b83ba-d3a8-479a-b108-07fc1e11c713,Browseblab,Customer,399 Park Ave,New York,NY,10022-4699,United States,#N/A,#N/A,#N/A,100 North Riverside.,#N/A,#N/A,#N/A,#N/A,#N/A,#N/A,#N/A,(210) 716-4720 x8274,#N/A,#N/A,Manufacturing,8.8275E10,#N/A,Martic-Morales Corp. is the leader in Manufacturing in New York,false,#N/A,#N/A,#N/A,#N/A,#N/A,#N/A,#N/A,#N/A,false,false,false,#N/A,false,false,false,false,#N/A,Never,false,true,#N/A,Contract Based,Same,No,#N/A,#N/A,#N/A,#N/A,#N/A,#N/A,#N/A,#N/A
0b3f5fb0-0773-4523-9fdc-9e83240e8753,Dynabox,Prospect,28a College Rd S,Riverview,NSW,2066,Australia,#N/A,#N/A,#N/A,28a College Rd S,Riverview,NSW,2066,Australia,#N/A,#N/A,#N/A,(775) 716-4495 x3048,#N/A,#N/A,Manufacturing,1.89091733E8,#N/A,QWERTY Logistics is the leader in Manufacturing in Riverview,false,#N/A,#N/A,#N/A,#N/A,#N/A,#N/A,#N/A,#N/A,false,false,false,#N/A,false,false,false,false,#N/A,Never,false,true,#N/A,Contract Based,Same,No,#N/A,#N/A,#N/A,#N/A,#N/A,#N/A,#N/A,#N/A
0b7486e0-1a53-4944-97b2-61063ee21273,Saint Mary's College,Customer,#N/A,#N/A,IN,#N/A,#N/A,#N/A,#N/A,#N/A,#N/A,#N/A,#N/A,#N/A,#N/A,#N/A,#N/A,#N/A,(312) 205-0401 x9160,#N/A,#N/A,Education,#N/A,350,#N/A,false,#N/A,#N/A,#N/A,#N/A,#N/A,#N/A,#N/A,#N/A,false,false,false,#N/A,false,false,false,false,#N/A,Never,false,true,#N/A,Contract Based,Same,No,#N/A,#N/A,1.0,0.0,12-3456789,accounting@saintmarys.edu,#N/A,#N/A
0c6cad73-9dc4-4d4c-838f-8bb02178cf65,Livefish,Customer,Shell Centre,London,#N/A,SE1 7NA,United Kingdom,#N/A,#N/A,#N/A,#N/A,#N/A,#N/A,#N/A,#N/A,#N/A,#N/A,#N/A,(607) 480-0658,#N/A,#N/A,Electronics,1.58331476E8,#N/A,Videlectrix is the leader in Electronics,false,#N/A,#N/A,#N/A,#N/A,#N/A,#N/A,#N/A,#N/A,false,false,false,#N/A,false,false,false,false,#N/A,Never,false,true,#N/A,Contract Based,Same,No,#N/A,#N/A,#N/A,#N/A,#N/A,#N/A,#N/A,#N/A
0c950feb-11e2-4ba7-9acb-fff4eb47aa51,Podcat,Prospect,356 Ocean View Rd,Ettalong Beach,NSW,2257,Australia,#N/A,#N/A,#N/A,356 Ocean View Rd,Ettalong Beach,NSW,2257,Australia,#N/A,#N/A,#N/A,(916) 713-1942 x5361,#N/A,#N/A,Retail,6.52105621E8,#N/A,Mainway Toys is the leader in Retail in Ettalong Beach,false,#N/A,#N/A,#N/A,#N/A,#N/A,#N/A,#N/A,#N/A,false,false,false,#N/A,false,false,false,false,#N/A,Never,false,true,#N/A,Contract Based,Same,No,#N/A,#N/A,#N/A,#N/A,#N/A,#N/A,#N/A,#N/A
0cd95849-4b7e-4289-adf8-1734d86f3ca2,JumpXS,Prospect,200 Vesey St,New York,NY,10285-0002,United States,#N/A,#N/A,#N/A,#N/A,#N/A,#N/A,#N/A,#N/A,#N/A,#N/A,#N/A,(979) 832-8857,#N/A,#N/A,Consumer Goods,3.4441E10,#N/A,Walken Group is the leader in Consumer Goods in New York,false,#N/A,#N/A,#N/A,#N/A,#N/A,#N/A,#N/A,#N/A,false,false,false,#N/A,false,false,false,false,#N/A,Never,false,true,#N/A,Contract Based,Same,No,#N/A,#N/A,#N/A,#N/A,#N/A,#N/A,#N/A,#N/A
117024f7-0417-487d-aa9a-dfc9e84daffd,Lazzy,Customer,28 Besline St,Kuraby,QLD,4112,Australia,#N/A,#N/A,#N/A,28 Besline St,Kuraby,QLD,4112,Australia,#N/A,#N/A,#N/A,(651) 715-2318 x4739,#N/A,#N/A,Manufacturing,9.37328603E8,#N/A,Leeding Engines Ltd. is the leader in Manufacturing in Kuraby,false,#N/A,#N/A,#N/A,#N/A,#N/A,#N/A,#N/A,#N/A,false,false,false,#N/A,false,false,false,false,#N/A,Never,false,true,#N/A,Contract Based,Same,No,#N/A,#N/A,#N/A,#N/A,#N/A,#N/A,#N/A,#N/A
1635b284-100a-4fb9-82a0-cfda0660ee47,Aibox,Customer,23 Lundy Av,Kingsgrove,NSW,1480,Australia,#N/A,#N/A,#N/A,23 Lundy Av,Kingsgrove,NSW,1480,Australia,#N/A,#N/A,#N/A,(770) 585-5033,#N/A,#N/A,Technology,2.21928169E8,#N/A,Spacely Sprockets is the leader in Technology in Kingsgrove,false,#N/A,#N/A,#N/A,#N/A,#N/A,#N/A,#N/A,#N/A,false,false,false,#N/A,false,false,false,false,#N/A,Never,false,true,#N/A,Contract Based,Same,No,#N/A,#N/A,#N/A,#N/A,#N/A,#N/A,#N/A,#N/A
18b9c81d-c6de-41c5-b670-320bd908a184,Tavu,Prospect,7 Dartmoor Dr,Cranbourne East,VIC,3977,Australia,#N/A,#N/A,#N/A,7 Dartmoor Dr,Cranbourne East,VIC,3977,Australia,#N/A,#N/A,#N/A,(269) 773-0539,#N/A,#N/A,Engineering,7.20606185E8,#N/A,Milliways is the leader in Engineering in Cranbourne East,false,#N/A,#N/A,#N/A,#N/A,#N/A,#N/A,#N/A,#N/A,false,false,false,#N/A,false,false,false,false,#N/A,Never,false,true,#N/A,Contract Based,Same,No,#N/A,#N/A,#N/A,#N/A,#N/A,#N/A,#N/A,#N/A
19459bc6-99ea-4b97-91f6-139507a1d64d,Skyvu,Prospect,250 E Parkcenter Blvd,Boise,ID,83706-3999,United States,#N/A,#N/A,#N/A,#N/A,#N/A,#N/A,#N/A,#N/A,#N/A,#N/A,#N/A,(502) 909-1595,#N/A,#N/A,Communications,5.6771552999E10,#N/A,Spruik Communications is the leader in Communications in Boise,false,#N/A,#N/A,#N/A,#N/A,#N/A,#N/A,#N/A,#N/A,false,false,false,#N/A,false,false,false,false,#N/A,Never,false,true,#N/A,Contract Based,Same,No,#N/A,#N/A,#N/A,#N/A,#N/A,#N/A,#N/A,#N/A
19772f52-0afc-4d8f-81eb-ae8b9011460b,Cedar Point,Customer,#N/A,#N/A,OH,#N/A,#N/A,#N/A,#N/A,#N/A,#N/A,#N/A,#N/A,#N/A,#N/A,#N/A,#N/A,#N/A,(732) 208-8651,#N/A,#N/A,Entertainment,#N/A,2600,#N/A,false,#N/A,#N/A,#N/A,#N/A,#N/A,#N/A,#N/A,#N/A,false,false,false,#N/A,false,false,false,false,#N/A,Never,false,true,#N/A,Contract Based,Same,No,#N/A,#N/A,1.0,0.0,12-3456789,billing@cedarpoint.com,#N/A,#N/A
19bc8c78-5876-4b86-a8df-0856ad9a729f,Yakitri,Customer,1483 Alaskan Way,Seattle,WA,#N/A,USA,#N/A,#N/A,#N/A,#N/A,#N/A,#N/A,#N/A,#N/A,#N/A,#N/A,#N/A,(615) 984-3508 x3008,#N/A,#N/A,Healthcare,7.58251458E8,#N/A,Susannah St-Germain Hospital is the leader in Healthcare in Seattle,false,#N/A,#N/A,#N/A,#N/A,#N/A,#N/A,#N/A,#N/A,false,false,false,#N/A,false,false,false,false,#N/A,Never,false,true,#N/A,Contract Based,Same,No,#N/A,#N/A,#N/A,#N/A,#N/A,#N/A,#N/A,#N/A
1a299382-72f9-4140-b3bc-53d9346a552e,Topicstorm,Customer,1701 JFK Blvd,Philadelphia,PA,19103-2838,United States,#N/A,#N/A,#N/A,#N/A,#N/A,#N/A,#N/A,#N/A,#N/A,#N/A,#N/A,(615) 878-5485 x3871,#N/A,#N/A,Technology,7.451E10,#N/A,Initech is the leader in Technology in Philadelphia,false,#N/A,#N/A,#N/A,#N/A,#N/A,#N/A,#N/A,#N/A,false,false,false,#N/A,false,false,false,false,#N/A,Never,false,true,#N/A,Contract Based,Same,No,#N/A,#N/A,#N/A,#N/A,#N/A,#N/A,#N/A,#N/A
1c84908f-3d80-4b58-8a0b-d36a9c01c28f,Gevee,Prospect,6051 Northridge Park,Houston,TX,77240,United States,#N/A,#N/A,#N/A,#N/A,#N/A,#N/A,#N/A,#N/A,#N/A,#N/A,#N/A,(781) 812-1198 x7148,#N/A,#N/A,Consulting,3317099.0,#N/A,#N/A,false,#N/A,#N/A,#N/A,#N/A,#N/A,#N/A,#N/A,#N/A,false,false,false,#N/A,false,false,false,false,#N/A,Never,false,true,#N/A,Contract Based,Same,No,#N/A,#N/A,#N/A,#N/A,#N/A,#N/A,#N/A,#N/A
1cfb2fdb-45f3-42f4-a386-c20fefd4a511,Fliptune,Customer,8111 Westchester Dr # 600,Dallas,TX,75225-6142,United States,#N/A,#N/A,#N/A,#N/A,#N/A,#N/A,#N/A,#N/A,#N/A,#N/A,#N/A,(603) 773-6003,#N/A,#N/A,Media,3.4292E10,#N/A,Mammoth Pictures is the leader in Media in Dallas,false,#N/A,#N/A,#N/A,#N/A,#N/A,#N/A,#N/A,#N/A,false,false,false,#N/A,false,false,false,false,#N/A,Never,false,true,#N/A,Contract Based,Same,No,#N/A,#N/A,#N/A,#N/A,#N/A,#N/A,#N/A,#N/A
1f0f43d8-a26d-4135-b49e-fc438f5f4ee9,Zoombox,Customer,200 George Street,Sydney,NSW,2000,Australia,#N/A,#N/A,#N/A,200 George Street,Sydney,NSW,2000,Australia,#N/A,#N/A,#N/A,(808) 978-4243 x4822,#N/A,#N/A,Machinery,4.77757321E8,#N/A,Corellian Engineering Corporation is the leader in Machinery in Sydney,false,#N/A,#N/A,#N/A,#N/A,#N/A,#N/A,#N/A,#N/A,false,false,false,#N/A,false,false,false,false,#N/A,Never,false,true,#N/A,Contract Based,Same,No,#N/A,#N/A,#N/A,#N/A,#N/A,#N/A,#N/A,#N/A
1f24ad5e-597f-4de2-8511-905bd5607fca,Edgeclub,Customer,2455 Paces Ferry Rd SE,Atlanta,GA,30339-1834,United States,#N/A,#N/A,#N/A,P.O. BOX 105715,Atlanta,GA,30348-5715,US,#N/A,#N/A,#N/A,(339) 931-6407,#N/A,#N/A,Services,8.8519E10,#N/A,"Cashless Systems, Inc. is the leader in Services in Atlanta",false,#N/A,#N/A,#N/A,#N/A,#N/A,#N/A,#N/A,#N/A,false,false,false,#N/A,false,false,false,false,#N/A,Never,false,true,#N/A,Contract Based,Same,No,#N/A,#N/A,#N/A,#N/A,#N/A,#N/A,#N/A,#N/A
1fc10db6-203a-4664-921a-ab8cb989048f,Thoughtsphere,Prospect,0526 Hauk Plaza,Lafayette,IN,47905,United States,#N/A,#N/A,#N/A,#N/A,#N/A,#N/A,#N/A,#N/A,#N/A,#N/A,#N/A,(828) 267-1829,#N/A,#N/A,Energy,9351157.0,#N/A,#N/A,false,#N/A,#N/A,#N/A,#N/A,#N/A,#N/A,#N/A,#N/A,false,false,false,#N/A,false,false,false,false,#N/A,Never,false,true,#N/A,Contract Based,Same,No,#N/A,#N/A,#N/A,#N/A,#N/A,#N/A,#N/A,#N/A
20b95971-7730-41c1-a28f-755af811d5fa,Jazzy,Prospect,13 Joshua Cl,Bibra Lake,WA,6163,Australia,#N/A,#N/A,#N/A,13 Joshua Cl,Bibra Lake,WA,6163,Australia,#N/A,#N/A,#N/A,(916) 717-2198 x0245,#N/A,#N/A,Healthcare,5.45137679E8,#N/A,PK North is the leader in Healthcare in Bibra Lake,false,#N/A,#N/A,#N/A,#N/A,#N/A,#N/A,#N/A,#N/A,false,false,false,#N/A,false,false,false,false,#N/A,Never,false,true,#N/A,Contract Based,Same,No,#N/A,#N/A,#N/A,#N/A,#N/A,#N/A,#N/A,#N/A
24762b58-6c22-4417-a332-cf75026aecd5,Voolith,Customer,500 S Buena Vista St,Burbank,CA,91521-0007,United States,#N/A,#N/A,#N/A,#N/A,#N/A,#N/A,#N/A,#N/A,#N/A,#N/A,#N/A,(541) 516-8653,#N/A,#N/A,Higher Education,5.2465E10,#N/A,Larsco College is the leader in Higher Education in Burbank,false,#N/A,#N/A,#N/A,#N/A,#N/A,#N/A,#N/A,#N/A,false,false,false,#N/A,false,false,false,false,#N/A,Never,false,true,#N/A,Contract Based,Same,No,#N/A,#N/A,#N/A,#N/A,#N/A,#N/A,#N/A,#N/A
24f1e2a7-9bbc-4e5e-8a8a-f870567ee915,Marriott Hotels,Customer,#N/A,#N/A,MD,#N/A,#N/A,#N/A,#N/A,#N/A,#N/A,#N/A,#N/A,#N/A,#N/A,#N/A,#N/A,#N/A,(775) 424-0414 x2399,#N/A,#N/A,Hospitality,#N/A,170234,#N/A,false,#N/A,#N/A,#N/A,#N/A,#N/A,#N/A,#N/A,#N/A,false,false,false,#N/A,false,false,false,false,#N/A,Never,false,true,#N/A,Contract Based,Same,No,#N/A,#N/A,2170.0,5314.0,82-8611386,billing@marriott.com.invalid.invalid,#N/A,#N/A
26ccaa22-d362-411f-988a-2ecd0a7982db,Fiveclub,Customer,1014 Vine St Ste 1000,Cincinnati,OH,45202-1100,United States,#N/A,#N/A,#N/A,#N/A,#N/A,#N/A,#N/A,#N/A,#N/A,#N/A,#N/A,(602) 570-1129,#N/A,#N/A,Higher Education,1.0983E11,#N/A,Hagan University is the leader in Higher Education in Cincinnati,false,#N/A,#N/A,#N/A,#N/A,#N/A,#N/A,#N/A,#N/A,false,false,false,#N/A,false,false,false,false,#N/A,Never,false,true,#N/A,Contract Based,Same,No,#N/A,#N/A,#N/A,#N/A,#N/A,#N/A,#N/A,#N/A
279846ca-00b4-44b5-83ca-1ca9b0597bd3,Myworks,Customer,333 Clay St Ste 1600,Houston,TX,77002-4101,United States,#N/A,#N/A,#N/A,#N/A,#N/A,#N/A,#N/A,#N/A,#N/A,#N/A,#N/A,(541) 850-2068 x0078,#N/A,#N/A,Engineering,2.3152E10,#N/A,Wentworth Industries is the leader in Engineering in Houston,false,#N/A,#N/A,#N/A,#N/A,#N/A,#N/A,#N/A,#N/A,false,false,false,#N/A,false,false,false,false,#N/A,Never,false,true,#N/A,Contract Based,Same,No,#N/A,#N/A,#N/A,#N/A,#N/A,#N/A,#N/A,#N/A
2de1278f-c3cd-4d88-b67e-a531d04394c7,Flipbug,Prospect,"1006, Oaza Kadoma",Osaka,#N/A,#N/A,Japan,#N/A,#N/A,#N/A,#N/A,#N/A,#N/A,#N/A,#N/A,#N/A,#N/A,#N/A,(971) 615-5889 x3597,#N/A,#N/A,Healthcare,7.41215097E8,#N/A,TSM South is the leader in Healthcare,false,#N/A,#N/A,#N/A,#N/A,#N/A,#N/A,#N/A,#N/A,false,false,false,#N/A,false,false,false,false,#N/A,Never,false,true,#N/A,Contract Based,Same,No,#N/A,#N/A,#N/A,#N/A,#N/A,#N/A,#N/A,#N/A
30c92ced-cad3-42da-ba25-565ef4ec8c67,Photofeed,Prospect,702 SW 8th St,Bentonville,AR,72716-6299,United States,#N/A,#N/A,#N/A,#N/A,#N/A,#N/A,#N/A,#N/A,#N/A,#N/A,#N/A,(513) 623-9559,#N/A,#N/A,Financial Services,4.8213E11,#N/A,Upward Financial Services is the leader in Financial Services in Bentonville,false,#N/A,#N/A,#N/A,#N/A,#N/A,#N/A,#N/A,#N/A,false,false,false,#N/A,false,false,false,false,#N/A,Never,false,true,#N/A,Contract Based,Same,No,#N/A,#N/A,#N/A,#N/A,#N/A,#N/A,#N/A,#N/A
31fbc0d5-b5ed-466f-8550-ea6254e816f8,Quire,Customer,4/81 Doncaster Av,Kensington,NSW,1465,Australia,#N/A,#N/A,#N/A,4/81 Doncaster Av,Kensington,NSW,1465,Australia,#N/A,#N/A,#N/A,(513) 805-5172,#N/A,#N/A,Healthcare,1.46231103E8,#N/A,SB North is the leader in Healthcare in Kensington,false,#N/A,#N/A,#N/A,#N/A,#N/A,#N/A,#N/A,#N/A,false,false,false,#N/A,false,false,false,false,#N/A,Never,false,true,#N/A,Contract Based,Same,No,#N/A,#N/A,#N/A,#N/A,#N/A,#N/A,#N/A,#N/A
31fdef85-bd6a-450c-b981-d6eb32bd710a,Browsedrive,Customer,1-7-1 Konan Minato-ku,Tokyo,#N/A,#N/A,Japan,#N/A,#N/A,#N/A,4 Riverside Rd,#N/A,#N/A,#N/A,#N/A,#N/A,#N/A,#N/A,(702) 641-1919 x7632,#N/A,#N/A,Telecommunications,7.76395463E8,#N/A,Wernham Hogg is the leader in Telecommunications,false,#N/A,#N/A,#N/A,#N/A,#N/A,#N/A,#N/A,#N/A,false,false,false,#N/A,false,false,false,false,#N/A,Never,false,true,#N/A,Contract Based,Same,No,#N/A,#N/A,#N/A,#N/A,#N/A,#N/A,#N/A,#N/A
33c87a87-be12-4e84-acaa-715ba268cae1,Kayveo,Customer,29 Noalimba Cr,Bateman,WA,6150,Australia,#N/A,#N/A,#N/A,29 Noalimba Cr,Bateman,WA,6150,Australia,#N/A,#N/A,#N/A,(469) 518-3718,#N/A,#N/A,Energy,3.02983857E8,#N/A,North Central Positronics is the leader in Energy in Bateman,false,#N/A,#N/A,#N/A,#N/A,#N/A,#N/A,#N/A,#N/A,false,false,false,#N/A,false,false,false,false,#N/A,Never,false,true,#N/A,Contract Based,Same,No,#N/A,#N/A,#N/A,#N/A,#N/A,#N/A,#N/A,#N/A
33f9bb6e-ec77-48cc-9b45-d12581552fc6,Mynte,Customer,6/14-16 Freeman Rd,Chatswood,NSW,2057,Australia,#N/A,#N/A,#N/A,6/14-16 Freeman Rd,Chatswood,NSW,2057,Australia,#N/A,#N/A,#N/A,(770) 424-5205 x7914,#N/A,#N/A,Government,6.26746894E8,#N/A,Omni Consimer Products is the leader in Government in Chatswood,false,#N/A,#N/A,#N/A,#N/A,#N/A,#N/A,#N/A,#N/A,false,false,false,#N/A,false,false,false,false,#N/A,Never,false,true,#N/A,Contract Based,Same,No,#N/A,#N/A,#N/A,#N/A,#N/A,#N/A,#N/A,#N/A
358760f7-8689-4167-bdc8-4b04f5d1a139,Oloo,Customer,100 Ne Adams St,Peoria,IL,61629-0002,United States,#N/A,#N/A,#N/A,#N/A,#N/A,#N/A,#N/A,#N/A,#N/A,#N/A,#N/A,(301) 224-4506,#N/A,#N/A,Automotive,4.7011E10,#N/A,Carthage Automotive is the leader in Automotive in Peoria,false,#N/A,#N/A,#N/A,#N/A,#N/A,#N/A,#N/A,#N/A,false,false,false,#N/A,false,false,false,false,#N/A,Never,false,true,#N/A,Contract Based,Same,No,#N/A,#N/A,#N/A,#N/A,#N/A,#N/A,#N/A,#N/A
37420438-d487-4b0d-aa44-0c4864afdf25,Rhynyx,Customer,120 Monument Cir Ste 200,Indianapolis,IN,46204-4902,United States,#N/A,#N/A,#N/A,#N/A,#N/A,#N/A,#N/A,#N/A,#N/A,#N/A,#N/A,(281) 703-3699 x0406,#N/A,#N/A,Consumer Goods,7.91565E10,#N/A,Kellerman Corp. is the leader in Consumer Goods in Indianapolis,false,#N/A,#N/A,#N/A,#N/A,#N/A,#N/A,#N/A,#N/A,false,false,false,#N/A,false,false,false,false,#N/A,Never,false,true,#N/A,Contract Based,Same,No,#N/A,#N/A,#N/A,#N/A,#N/A,#N/A,#N/A,#N/A
3860a86d-8362-4f68-96ed-0e722f019a31,Browsetype,Customer,708 3rd Ave Rm 1500,New York,NY,10017-4108,United States,#N/A,#N/A,#N/A,708 3rd Ave Rm 1500,#N/A,#N/A,#N/A,#N/A,#N/A,#N/A,#N/A,(731) 636-2872 x4581,#N/A,#N/A,Non Profit,3.46761E10,#N/A,First Response Relief Services is the leader in Non Profit in New York,false,#N/A,#N/A,#N/A,#N/A,#N/A,#N/A,#N/A,#N/A,false,false,false,#N/A,false,false,false,false,#N/A,Never,false,true,#N/A,Contract Based,Same,No,#N/A,#N/A,#N/A,#N/A,#N/A,#N/A,#N/A,#N/A
3cab7214-da13-4cf7-9632-b747ebd3827b,Pixope,Prospect,50137 Brickson Park Alley,Savannah,GA,31410,United States,#N/A,#N/A,#N/A,#N/A,#N/A,#N/A,#N/A,#N/A,#N/A,#N/A,#N/A,(563) 701-6638 x3941,#N/A,#N/A,Consulting,2.9111322E7,#N/A,#N/A,false,#N/A,#N/A,#N/A,#N/A,#N/A,#N/A,#N/A,#N/A,false,false,false,#N/A,false,false,false,false,#N/A,Never,false,true,#N/A,Contract Based,Same,No,#N/A,#N/A,#N/A,#N/A,#N/A,#N/A,#N/A,#N/A
3f3ed24c-0a31-4216-add6-6832b259e0b2,Tagopia,Customer,1 Toyota-Cho,Tokyo,#N/A,#N/A,Japan,#N/A,#N/A,#N/A,4 Riverside Rd,#N/A,#N/A,#N/A,#N/A,#N/A,#N/A,#N/A,(925) 612-9046,#N/A,#N/A,Technology,6.30331409E8,#N/A,Widget Corp is the leader in Technology,false,#N/A,#N/A,#N/A,#N/A,#N/A,#N/A,#N/A,#N/A,false,false,false,#N/A,false,false,false,false,#N/A,Never,false,true,#N/A,Contract Based,Same,No,#N/A,#N/A,#N/A,#N/A,#N/A,#N/A,#N/A,#N/A
3f75f25b-8674-4ca1-b1ce-4b3004120561,AMC Entertainment,Customer,#N/A,#N/A,#N/A,#N/A,#N/A,#N/A,#N/A,#N/A,#N/A,#N/A,#N/A,#N/A,#N/A,#N/A,#N/A,#N/A,(530) 260-7267,#N/A,#N/A,Entertainment,#N/A,4408,#N/A,false,#N/A,#N/A,#N/A,#N/A,#N/A,#N/A,#N/A,#N/A,false,false,false,#N/A,false,false,false,false,#N/A,Never,false,true,#N/A,Contract Based,Same,No,#N/A,#N/A,978.0,0.0,12-3456789,billing@amc.com,#N/A,#N/A
40746c54-bfca-419b-be38-362d6487773d,Notre Dame University,Prospect,#N/A,#N/A,IN,#N/A,#N/A,#N/A,#N/A,#N/A,#N/A,#N/A,#N/A,#N/A,#N/A,#N/A,#N/A,#N/A,(859) 530-7795 x0130,#N/A,#N/A,Education,#N/A,1309,#N/A,false,#N/A,#N/A,#N/A,#N/A,#N/A,#N/A,#N/A,#N/A,false,false,false,#N/A,false,false,false,false,#N/A,Never,false,true,#N/A,Contract Based,Same,No,#N/A,#N/A,1.0,0.0,12-3456789,ap@notredam.edu,#N/A,#N/A
41c3696f-62e6-4102-980f-cae248e27e82,Zoomlounge,Customer,4 Riverside Rd,Lansvale,NSW,2166,Australia,#N/A,#N/A,#N/A,4 Riverside Rd,Lansvale,NSW,2166,Australia,#N/A,#N/A,#N/A,(518) 239-2071 x2655,#N/A,#N/A,Agriculture,9.05588171E8,#N/A,Sixty Second Avenue is the leader in Agriculture in Lansvale,false,#N/A,#N/A,#N/A,#N/A,#N/A,#N/A,#N/A,#N/A,false,false,false,#N/A,false,false,false,false,#N/A,Never,false,true,#N/A,Contract Based,Same,No,#N/A,#N/A,#N/A,#N/A,#N/A,#N/A,#N/A,#N/A
4358bbc5-1a54-4955-997e-525ada747302,Roomm,Prospect,151 Farmington Ave,Hartford,CT,06156-0001,United States,#N/A,#N/A,#N/A,#N/A,#N/A,#N/A,#N/A,#N/A,#N/A,#N/A,#N/A,(760) 828-0170,#N/A,#N/A,Energy,6.03365E10,#N/A,Initrode is the leader in Energy in Hartford,false,#N/A,#N/A,#N/A,#N/A,#N/A,#N/A,#N/A,#N/A,false,false,false,#N/A,false,false,false,false,#N/A,Never,false,true,#N/A,Contract Based,Same,No,#N/A,#N/A,#N/A,#N/A,#N/A,#N/A,#N/A,#N/A
43c250c3-ac2d-4744-9a15-1fe79ce6462b,Ooba,Customer,50 Kerra Way,Docklands,VIC,3008,Australia,#N/A,#N/A,#N/A,50 Kerra Way,Docklands,VIC,3008,Australia,#N/A,#N/A,#N/A,(480) 313-9539 x3765,#N/A,#N/A,Media,4.33338781E8,#N/A,Gizmonic Institute is the leader in Media in Docklands,false,#N/A,#N/A,#N/A,#N/A,#N/A,#N/A,#N/A,#N/A,false,false,false,#N/A,false,false,false,false,#N/A,Never,false,true,#N/A,Contract Based,Same,No,#N/A,#N/A,#N/A,#N/A,#N/A,#N/A,#N/A,#N/A
44649941-d312-494f-ab21-fc248c563ea3,Bubblemix,Prospect,40 Toirram Cr,Cranbourne,VIC,3977,Australia,#N/A,#N/A,#N/A,40 Toirram Cr,Cranbourne,VIC,3977,Australia,#N/A,#N/A,#N/A,(857) 402-1774,#N/A,#N/A,Education,3.85068818E8,#N/A,Monarch Playing Card Co. is the leader in Education in Cranbourne,false,#N/A,#N/A,#N/A,#N/A,#N/A,#N/A,#N/A,#N/A,false,false,false,#N/A,false,false,false,false,#N/A,Never,false,true,#N/A,Contract Based,Same,No,#N/A,#N/A,#N/A,#N/A,#N/A,#N/A,#N/A,#N/A
4581a0c3-4ec0-418f-92f4-42abcba4f311,Oodoo,Customer,1501 Page Mill Rd,Palo Alto,CA,94304-1126,United States,#N/A,#N/A,#N/A,P.O. BOX 10301,Palo Alto,CA,94303-0890,US,#N/A,#N/A,#N/A,(936) 646-9921,#N/A,#N/A,Automotive,1.03355E11,#N/A,Kumatsu Motors is the leader in Automotive in Palo Alto,false,#N/A,#N/A,#N/A,#N/A,#N/A,#N/A,#N/A,#N/A,false,false,false,#N/A,false,false,false,false,#N/A,Never,false,true,#N/A,Contract Based,Same,No,#N/A,#N/A,#N/A,#N/A,#N/A,#N/A,#N/A,#N/A
47bd87a0-7889-4d6b-9960-253b713700e1,Flashset,Prospect,4 Weeping Birch Crossing,Carson City,NV,89714,United States,#N/A,#N/A,#N/A,#N/A,#N/A,#N/A,#N/A,#N/A,#N/A,#N/A,#N/A,(413) 660-2977 x2292,#N/A,#N/A,Consulting,9488745.0,#N/A,#N/A,false,#N/A,#N/A,#N/A,#N/A,#N/A,#N/A,#N/A,#N/A,false,false,false,#N/A,false,false,false,false,#N/A,Never,false,true,#N/A,Contract Based,Same,No,#N/A,#N/A,#N/A,#N/A,#N/A,#N/A,#N/A,#N/A
48ea2e6a-0345-4d2a-a05a-7477ef014f50,Popeyes,Customer,#N/A,#N/A,#N/A,#N/A,#N/A,#N/A,#N/A,#N/A,#N/A,#N/A,#N/A,#N/A,#N/A,#N/A,#N/A,#N/A,(970) 904-1744 x1518,#N/A,#N/A,Restaurant,#N/A,#N/A,#N/A,false,#N/A,#N/A,#N/A,#N/A,#N/A,#N/A,#N/A,#N/A,false,false,false,#N/A,false,false,false,false,#N/A,Never,false,true,#N/A,Contract Based,Same,No,#N/A,#N/A,30.0,3072.0,12-3456789,billing@popeyes.co,#N/A,#N/A
49421843-5f50-4173-82f5-250007da8681,Gabtype,Customer,1 American Rd,Dearborn,MI,48126-2701,United States,#N/A,#N/A,#N/A,P.O. BOX 685,Dearborn,MI,48121-0685,US,#N/A,#N/A,#N/A,(707) 507-2227,#N/A,#N/A,Energy,1.49558E11,#N/A,"Tension, Inc. is the leader in Energy in Dearborn",false,#N/A,#N/A,#N/A,#N/A,#N/A,#N/A,#N/A,#N/A,false,false,false,#N/A,false,false,false,false,#N/A,Never,false,true,#N/A,Contract Based,Same,No,#N/A,#N/A,#N/A,#N/A,#N/A,#N/A,#N/A,#N/A
4a344fe8-7c8d-4004-bc05-0134e360cb39,Pixonyx,Prospect,1 State Farm Plz,Bloomington,IL,61710-0001,United States,#N/A,#N/A,#N/A,#N/A,#N/A,#N/A,#N/A,#N/A,#N/A,#N/A,#N/A,(312) 615-0680 x9903,#N/A,#N/A,Energy,5.0687142E10,#N/A,Delphi Energy is the leader in Energy in Bloomington,false,#N/A,#N/A,#N/A,#N/A,#N/A,#N/A,#N/A,#N/A,false,false,false,#N/A,false,false,false,false,#N/A,Never,false,true,#N/A,Contract Based,Same,No,#N/A,#N/A,#N/A,#N/A,#N/A,#N/A,#N/A,#N/A
4a3f6af0-55b2-4895-bc78-74af79f0a54d,Topiclounge,Customer,54 McLaren Street,North Sydney,NSW,2060,Australia,#N/A,#N/A,#N/A,54 McLaren Street,North Sydney,NSW,2060,Australia,#N/A,#N/A,#N/A,(636) 361-2136,#N/A,#N/A,Consulting,4.528576E8,#N/A,Demo Company is the leader in Consulting in North Sydney,false,#N/A,#N/A,#N/A,#N/A,#N/A,#N/A,#N/A,#N/A,false,false,false,#N/A,false,false,false,false,#N/A,Never,false,true,#N/A,Contract Based,Same,No,#N/A,#N/A,#N/A,#N/A,#N/A,#N/A,#N/A,#N/A
4a8db574-b985-4d5c-a407-d2db67311f84,Chatterpoint,Customer,980 Great West Road,Middlesex,London,#N/A,United Kingdom,#N/A,#N/A,#N/A,#N/A,#N/A,#N/A,#N/A,#N/A,#N/A,#N/A,#N/A,(508) 916-2315,#N/A,#N/A,Healthcare,8.9244318E7,#N/A,TF South is the leader in Healthcare in Middlesex,false,#N/A,#N/A,#N/A,#N/A,#N/A,#N/A,#N/A,#N/A,false,false,false,#N/A,false,false,false,false,#N/A,Never,false,true,#N/A,Contract Based,Same,No,#N/A,#N/A,#N/A,#N/A,#N/A,#N/A,#N/A,#N/A
4a8e83e7-ac91-49ac-ae8e-ba3bcf0b5c47,Jabbertype,Prospect,71 Miller Hill,Indianapolis,IN,46202,United States,#N/A,#N/A,#N/A,#N/A,#N/A,#N/A,#N/A,#N/A,#N/A,#N/A,#N/A,(214) 415-0124,#N/A,#N/A,Utilities,1222212.0,#N/A,#N/A,false,#N/A,#N/A,#N/A,#N/A,#N/A,#N/A,#N/A,#N/A,false,false,false,#N/A,false,false,false,false,#N/A,Never,false,true,#N/A,Contract Based,Same,No,#N/A,#N/A,#N/A,#N/A,#N/A,#N/A,#N/A,#N/A
4c42849d-d698-4a6a-9b39-9a9d95cbdf7f,Edgetag,Prospect,233 S Wacker Dr,Chicago,IL,60606-7147,United States,#N/A,#N/A,#N/A,29 Noalimba Cr,#N/A,#N/A,#N/A,#N/A,#N/A,#N/A,#N/A,(253) 770-9372,#N/A,#N/A,Retail,3.7864E10,#N/A,Realia Home is the leader in Retail in Chicago,false,#N/A,#N/A,#N/A,#N/A,#N/A,#N/A,#N/A,#N/A,false,false,false,#N/A,false,false,false,false,#N/A,Never,false,true,#N/A,Contract Based,Same,No,#N/A,#N/A,#N/A,#N/A,#N/A,#N/A,#N/A,#N/A
4e4258ae-331d-43df-adb5-e2a64f17a568,Blogspan,Prospect,574 Duke Circle,Sioux City,OH,51105,United States,#N/A,#N/A,#N/A,#N/A,#N/A,#N/A,#N/A,#N/A,#N/A,#N/A,#N/A,(708) 303-9178 x2452,#N/A,#N/A,Financial Services,3308479.0,#N/A,#N/A,false,#N/A,#N/A,#N/A,#N/A,#N/A,#N/A,#N/A,#N/A,false,false,false,#N/A,false,false,false,false,#N/A,Never,false,true,#N/A,Contract Based,Same,No,#N/A,#N/A,#N/A,#N/A,#N/A,#N/A,#N/A,#N/A
50c7dc3a-1d7e-4d98-8f40-dcc6de28fa26,Quatz,Prospect,2591 Vidon Court,Houston,TX,77228,United States,#N/A,#N/A,#N/A,#N/A,#N/A,#N/A,#N/A,#N/A,#N/A,#N/A,#N/A,(610) 650-1909 x0756,#N/A,#N/A,Manufacturing,2.1153104E7,#N/A,#N/A,false,#N/A,#N/A,#N/A,#N/A,#N/A,#N/A,#N/A,#N/A,false,false,false,#N/A,false,false,false,false,#N/A,Never,false,true,#N/A,Contract Based,Same,No,#N/A,#N/A,#N/A,#N/A,#N/A,#N/A,#N/A,#N/A
5297f900-7583-402d-b669-d845e37959b4,Centimia,Customer,10 Farm Springs Rd,Farmington,CT,06032-2577,United States,#N/A,#N/A,#N/A,#N/A,#N/A,#N/A,#N/A,#N/A,#N/A,#N/A,#N/A,(916) 814-8672 x5459,#N/A,#N/A,Transportation,5.6098E10,#N/A,Tungsten Security Services is the leader in Transportation in Farmington,false,#N/A,#N/A,#N/A,#N/A,#N/A,#N/A,#N/A,#N/A,false,false,false,#N/A,false,false,false,false,#N/A,Never,false,true,#N/A,Contract Based,Same,No,#N/A,#N/A,#N/A,#N/A,#N/A,#N/A,#N/A,#N/A
53b15e99-c399-41e3-a7bf-77795a5f27c2,Skyba,Customer,3300 Publix Corp Pkwy,Lakeland,FL,33811-3311,United States,#N/A,#N/A,#N/A,P.O. BOX 407,Lakeland,FL,33802-0407,US,#N/A,#N/A,#N/A,(863) 440-1481 x5184,#N/A,#N/A,Retail,3.2618759E10,#N/A,"Mecurial, Inc. is the leader in Retail in Lakeland",false,#N/A,#N/A,#N/A,#N/A,#N/A,#N/A,#N/A,#N/A,false,false,false,#N/A,false,false,false,false,#N/A,Never,false,true,#N/A,Contract Based,Same,No,#N/A,#N/A,#N/A,#N/A,#N/A,#N/A,#N/A,#N/A
53b4876e-4d67-4487-b6c2-5cf75d28db73,DabZ,Prospect,200 Park Ave FL 1200,New York,NY,10166-0188,United States,#N/A,#N/A,#N/A,#N/A,#N/A,#N/A,#N/A,#N/A,#N/A,#N/A,#N/A,(510) 516-3463 x1769,#N/A,#N/A,Communications,6.9951E10,#N/A,Synaptic Networking Solutions is the leader in Communications in New York,false,#N/A,#N/A,#N/A,#N/A,#N/A,#N/A,#N/A,#N/A,false,false,false,#N/A,false,false,false,false,#N/A,Never,false,true,#N/A,Contract Based,Same,No,#N/A,#N/A,#N/A,#N/A,#N/A,#N/A,#N/A,#N/A
542038d4-f327-4e8d-9f6c-70f534f22fd9,Jabbersphere,Customer,3333 Beverly Rd,Hoffman Estates,IL,60179-0001,United States,#N/A,#N/A,#N/A,#N/A,#N/A,#N/A,#N/A,#N/A,#N/A,#N/A,#N/A,(916) 781-8829 x4275,#N/A,#N/A,Communications,2.5146E10,#N/A,SocialScaling is the leader in Communications in Hoffman Estates,false,#N/A,#N/A,#N/A,#N/A,#N/A,#N/A,#N/A,#N/A,false,false,false,#N/A,false,false,false,false,#N/A,Never,false,true,#N/A,Contract Based,Same,No,#N/A,#N/A,#N/A,#N/A,#N/A,#N/A,#N/A,#N/A
54b6b5d2-a5bd-4b4f-a749-3fc714a8955f,Mycat,Customer,200 Elizabeth Street,Melbourne,VIC,3000,Australia,#N/A,#N/A,#N/A,200 Elizabeth Street,Melbourne,VIC,3000,Australia,#N/A,#N/A,#N/A,(850) 754-9868,#N/A,#N/A,Banking,1.58331476E8,#N/A,Galaxy Corp is the leader in Banking in Melbourne,false,#N/A,#N/A,#N/A,#N/A,#N/A,#N/A,#N/A,#N/A,false,false,false,#N/A,false,false,false,false,#N/A,Never,false,true,#N/A,Contract Based,Same,No,#N/A,#N/A,#N/A,#N/A,#N/A,#N/A,#N/A,#N/A
565c64c9-c5c7-4a67-aa46-d8b0cfbb4625,Photolist,Customer,18 Hillside Rd,Avoca Beach,NSW,2251,Australia,#N/A,#N/A,#N/A,18 Hillside Rd,Avoca Beach,NSW,2251,Australia,#N/A,#N/A,#N/A,(727) 423-5740,#N/A,#N/A,Healthcare,4.12752795E8,#N/A,CL North is the leader in Healthcare in Avoca Beach,false,#N/A,#N/A,#N/A,#N/A,#N/A,#N/A,#N/A,#N/A,false,false,false,#N/A,false,false,false,false,#N/A,Never,false,true,#N/A,Contract Based,Same,No,#N/A,#N/A,#N/A,#N/A,#N/A,#N/A,#N/A,#N/A
583693c0-415a-423b-81ad-dc47641d2551,Uidoo,Customer,115 Tabor Rd,Morris Plains,NJ,07950-2546,United States,#N/A,#N/A,#N/A,#N/A,#N/A,#N/A,#N/A,#N/A,#N/A,#N/A,#N/A,(347) 214-4134 x2079,#N/A,#N/A,Energy,3.8581E10,#N/A,Jupiter Consulting is the leader in Energy in Morris Plains,false,#N/A,#N/A,#N/A,#N/A,#N/A,#N/A,#N/A,#N/A,false,false,false,#N/A,false,false,false,false,#N/A,Never,false,true,#N/A,Contract Based,Same,No,#N/A,#N/A,#N/A,#N/A,#N/A,#N/A,#N/A,#N/A
58374935-c39a-46fd-a12a-c02a577f105d,Kamba,Prospect,2030 Dow Ctr,Midland,MI,48674-1500,United States,#N/A,#N/A,#N/A,#N/A,#N/A,#N/A,#N/A,#N/A,#N/A,#N/A,#N/A,(408) 661-3106 x1955,#N/A,#N/A,Technology,4.8778E10,#N/A,Computico Labs is the leader in Technology in Midland,false,#N/A,#N/A,#N/A,#N/A,#N/A,#N/A,#N/A,#N/A,false,false,false,#N/A,false,false,false,false,#N/A,Never,false,true,#N/A,Contract Based,Same,No,#N/A,#N/A,#N/A,#N/A,#N/A,#N/A,#N/A,#N/A
5866b587-f5b6-496b-a3f8-408f82f41804,Dazzlesphere,Prospect,1585 Broadway,New York,NY,10036-8200,United States,#N/A,#N/A,#N/A,200 George Street,#N/A,#N/A,#N/A,#N/A,#N/A,#N/A,#N/A,(918) 660-8907,#N/A,#N/A,Automotive,3.7897E10,#N/A,"Clearcoat, LLC is the leader in Automotive in New York",false,#N/A,#N/A,#N/A,#N/A,#N/A,#N/A,#N/A,#N/A,false,false,false,#N/A,false,false,false,false,#N/A,Never,false,true,#N/A,Contract Based,Same,No,#N/A,#N/A,#N/A,#N/A,#N/A,#N/A,#N/A,#N/A
58eab88f-6410-4fbb-88e6-fb0223590410,Vitz,Customer,3135 Easton Tpke,Fairfield,CT,06828-0001,United States,#N/A,#N/A,#N/A,#N/A,#N/A,#N/A,#N/A,#N/A,#N/A,#N/A,#N/A,(336) 810-3014 x4356,#N/A,#N/A,Technology,1.17386E11,#N/A,"Signal Processing, LLC is the leader in Technology in Fairfield",false,#N/A,#N/A,#N/A,#N/A,#N/A,#N/A,#N/A,#N/A,false,false,false,#N/A,false,false,false,false,#N/A,Never,false,true,#N/A,Contract Based,Same,No,#N/A,#N/A,#N/A,#N/A,#N/A,#N/A,#N/A,#N/A
5e3ed6fc-ea3e-48d8-b107-d3fefadd4641,Feedbug,Prospect,1 Valero Way,San Antonio,TX,78249-1616,United States,#N/A,#N/A,#N/A,P.O. BOX 696000,San Antonio,TX,78269-6000,US,#N/A,#N/A,#N/A,(620) 303-5482,#N/A,#N/A,Non Profit,8.7804E10,#N/A,Feed the Kids is the leader in Non Profit in San Antonio,false,#N/A,#N/A,#N/A,#N/A,#N/A,#N/A,#N/A,#N/A,false,false,false,#N/A,false,false,false,false,#N/A,Never,false,true,#N/A,Contract Based,Same,No,#N/A,#N/A,#N/A,#N/A,#N/A,#N/A,#N/A,#N/A
5e829b74-71cf-4287-9e07-ba2f0ce6d008,Mybuzz,Customer,235 E 42nd St,New York,NY,10017-5703,United States,#N/A,#N/A,#N/A,#N/A,#N/A,#N/A,#N/A,#N/A,#N/A,#N/A,#N/A,(276) 602-1642,#N/A,#N/A,Manufacturing,4.8851E10,#N/A,Procurabl Holdings Inc. is the leader in Manufacturing in New York,false,#N/A,#N/A,#N/A,#N/A,#N/A,#N/A,#N/A,#N/A,false,false,false,#N/A,false,false,false,false,#N/A,Never,false,true,#N/A,Contract Based,Same,No,#N/A,#N/A,#N/A,#N/A,#N/A,#N/A,#N/A,#N/A
5f02171c-fd51-420f-9963-1337731aba78,Rhycero,Customer,10 Wingfield St,Annerley,QLD,4103,Australia,#N/A,#N/A,#N/A,10 Wingfield St,Annerley,QLD,4103,Australia,#N/A,#N/A,#N/A,(901) 954-8190 x6042,#N/A,#N/A,Retail,2.55815146E8,#N/A,Chez Quis is the leader in Retail in Annerley,false,#N/A,#N/A,#N/A,#N/A,#N/A,#N/A,#N/A,#N/A,false,false,false,#N/A,false,false,false,false,#N/A,Never,false,true,#N/A,Contract Based,Same,No,#N/A,#N/A,#N/A,#N/A,#N/A,#N/A,#N/A,#N/A
5f2d1c5c-2704-4eab-95b7-29f8c90639b2,Wikizz,Customer,120 Park Ave FL 6,New York,NY,10017-5592,United States,#N/A,#N/A,#N/A,#N/A,#N/A,#N/A,#N/A,#N/A,#N/A,#N/A,#N/A,(612) 415-0154,#N/A,#N/A,Higher Education,7.3908E10,#N/A,Leza College of Engineering is the leader in Higher Education in New York,false,#N/A,#N/A,#N/A,#N/A,#N/A,#N/A,#N/A,#N/A,false,false,false,#N/A,false,false,false,false,#N/A,Never,false,true,#N/A,Contract Based,Same,No,#N/A,#N/A,#N/A,#N/A,#N/A,#N/A,#N/A,#N/A
5fe431d0-02b4-4b4d-9dc1-b532f9018add,Global Media,Prospect,150 Chestnut Street,Toronto,Ontario,L4B 1Y3,Canada,#N/A,#N/A,#N/A,150 Chestnut Street,Toronto,Ontario,L4B 1Y3,Canada,#N/A,#N/A,#N/A,(757) 574-3285,#N/A,#N/A,Corporate Office,#N/A,14668,"GBM is the worldwide leader in technology news and information on the Web and the producer of the longest-running and farthest-reaching television shows about technology. GBM's network of sites combines breakthrough interactive technology with engaging content and design and is consistently ranked as the Internet's leading content network in terms of both audience size and revenue, serving millions of users each day. The company's television programming is broadcast by the USA Network and the Sci-Fi Channel to more than 70 million households and is syndicated to broadcast television stations in the nation's top 120 markets, including the top 10 markets.",false,#N/A,#N/A,#N/A,#N/A,#N/A,#N/A,#N/A,#N/A,false,false,false,#N/A,false,false,false,false,#N/A,#N/A,false,false,#N/A,#N/A,#N/A,#N/A,#N/A,#N/A,2.0,0.0,12-3456789,accounting@globalmedia.com,#N/A,#N/A
6186d3b3-5c95-45e1-a2af-dc8858dbdecf,Skalith,Customer,40 Archibald St,Fairfield,QLD,4103,Australia,#N/A,#N/A,#N/A,40 Archibald St,Fairfield,QLD,4103,Australia,#N/A,#N/A,#N/A,(760) 407-5917 x6290,#N/A,#N/A,Chemicals,7.40417719E8,#N/A,Mooby Corp is the leader in Chemicals in Fairfield,false,#N/A,#N/A,#N/A,#N/A,#N/A,#N/A,#N/A,#N/A,false,false,false,#N/A,false,false,false,false,#N/A,Never,false,true,#N/A,Contract Based,Same,No,#N/A,#N/A,#N/A,#N/A,#N/A,#N/A,#N/A,#N/A
6199947a-7be5-41e4-a167-fc092502f282,Topicware,Customer,avenue Nestlé 55,Zurich,#N/A,#N/A,Switzerland,#N/A,#N/A,#N/A,#N/A,#N/A,#N/A,#N/A,#N/A,#N/A,#N/A,#N/A,(502) 814-7110,#N/A,#N/A,Healthcare,1.89167866E8,#N/A,TSM North is the leader in Healthcare,false,#N/A,#N/A,#N/A,#N/A,#N/A,#N/A,#N/A,#N/A,false,false,false,#N/A,false,false,false,false,#N/A,Never,false,true,#N/A,Contract Based,Same,No,#N/A,#N/A,#N/A,#N/A,#N/A,#N/A,#N/A,#N/A
6283c758-4ce4-4113-9ea6-94368aa9956a,Skimia,Prospect,51 Madison Ave Bsmt 1b,New York,NY,10010-1655,United States,#N/A,#N/A,#N/A,#N/A,#N/A,#N/A,#N/A,#N/A,#N/A,#N/A,#N/A,(919) 580-2078 x5970,#N/A,#N/A,Healthcare,1.4139579037E10,#N/A,Athena Theraputics is the leader in Healthcare in New York,false,#N/A,#N/A,#N/A,#N/A,#N/A,#N/A,#N/A,#N/A,false,false,false,#N/A,false,false,false,false,#N/A,Never,false,true,#N/A,Contract Based,Same,No,#N/A,#N/A,#N/A,#N/A,#N/A,#N/A,#N/A,#N/A
67006747-228d-43dc-a165-704841649057,Dabfeed,Customer,300 Chestnut Ridge Road,Bavaria,Munich,#N/A,Germany,#N/A,#N/A,#N/A,#N/A,#N/A,#N/A,#N/A,#N/A,#N/A,#N/A,#N/A,(707) 502-9388 x5479,#N/A,#N/A,Healthcare,9.05588171E8,#N/A,SS North is the leader in Healthcare in Bavaria,false,#N/A,#N/A,#N/A,#N/A,#N/A,#N/A,#N/A,#N/A,false,false,false,#N/A,false,false,false,false,#N/A,Never,false,true,#N/A,Contract Based,Same,No,#N/A,#N/A,#N/A,#N/A,#N/A,#N/A,#N/A,#N/A
67b82196-bfac-4041-adbf-e5a16f29521c,Talane,Customer,75 Avenue de la Grande Armée,Paris,#N/A,#N/A,France,#N/A,#N/A,#N/A,#N/A,#N/A,#N/A,#N/A,#N/A,#N/A,#N/A,#N/A,(614) 337-7391,#N/A,#N/A,Shipping,7.40417719E8,#N/A,Universal Export is the leader in Shipping,false,#N/A,#N/A,#N/A,#N/A,#N/A,#N/A,#N/A,#N/A,false,false,false,#N/A,false,false,false,false,#N/A,Never,false,true,#N/A,Contract Based,Same,No,#N/A,#N/A,#N/A,#N/A,#N/A,#N/A,#N/A,#N/A
6a29e223-2636-4ae5-b9f7-4173edbcd496,Dabtype,Prospect,5678 Victory Rd,Brighton,Colorado,80020,USA,#N/A,#N/A,#N/A,#N/A,#N/A,#N/A,#N/A,#N/A,#N/A,#N/A,#N/A,(925) 813-7443 x4925,#N/A,#N/A,Machinery,#N/A,#N/A,Alexa Roberts is the leader in Machinery in Brighton,false,#N/A,#N/A,#N/A,#N/A,#N/A,#N/A,#N/A,#N/A,false,false,false,#N/A,false,false,false,false,#N/A,Never,false,true,#N/A,Contract Based,Same,No,#N/A,#N/A,#N/A,#N/A,#N/A,#N/A,#N/A,#N/A
6d3107c6-ea70-4615-9fbb-ed5c5e55624f,Babblestorm,Prospect,1011 Centre Road,Berlin,Berlin,#N/A,Germany,#N/A,#N/A,#N/A,#N/A,#N/A,#N/A,#N/A,#N/A,#N/A,#N/A,#N/A,(847) 978-2074 x8709,#N/A,#N/A,Biotechnology,2.89485471E8,#N/A,Strickland Propane is the leader in Biotechnology in Berlin,false,#N/A,#N/A,#N/A,#N/A,#N/A,#N/A,#N/A,#N/A,false,false,false,#N/A,false,false,false,false,#N/A,Never,false,true,#N/A,Contract Based,Same,No,#N/A,#N/A,#N/A,#N/A,#N/A,#N/A,#N/A,#N/A
6e93a0f8-6928-4092-9be7-ce0403862479,Zoonoodle,Prospect,1 Nationwide Plz,Columbus,OH,43215-2226,United States,#N/A,#N/A,#N/A,P.O. BOX 182171,Columbus,OH,43218-2171,US,#N/A,#N/A,#N/A,(720) 715-2053,#N/A,#N/A,Media,1.5240896511E10,#N/A,Polimarc Inc. is the leader in Media in Columbus,false,#N/A,#N/A,#N/A,#N/A,#N/A,#N/A,#N/A,#N/A,false,false,false,#N/A,false,false,false,false,#N/A,Never,false,true,#N/A,Contract Based,Same,No,#N/A,#N/A,#N/A,#N/A,#N/A,#N/A,#N/A,#N/A
70c9d823-95cc-4966-8ae4-dd38efb5df52,TestAcc,#N/A,#N/A,#N/A,#N/A,#N/A,#N/A,#N/A,#N/A,#N/A,#N/A,#N/A,#N/A,#N/A,#N/A,#N/A,#N/A,#N/A,(918) 636-2060 x6580,#N/A,#N/A,#N/A,#N/A,#N/A,#N/A,false,#N/A,#N/A,#N/A,#N/A,#N/A,#N/A,#N/A,#N/A,false,false,false,#N/A,false,false,false,false,#N/A,Never,false,true,#N/A,Contract Based,Same,No,#N/A,#N/A,#N/A,#N/A,#N/A,#N/A,#N/A,#N/A
7286cc42-3f14-4012-b004-9db78c0b8deb,Tazzy,Prospect,1000 Lowes Blvd,Mooresville,NC,28117-8520,United States,#N/A,#N/A,#N/A,P.O. BOX 1000,Mooresville,NC,28115-1000,US,#N/A,#N/A,#N/A,(423) 281-0869 x7805,#N/A,#N/A,Consumer Goods,5.9074E10,#N/A,Finley Companies is the leader in Consumer Goods in Mooresville,false,#N/A,#N/A,#N/A,#N/A,#N/A,#N/A,#N/A,#N/A,false,false,false,#N/A,false,false,false,false,#N/A,Never,false,true,#N/A,Contract Based,Same,No,#N/A,#N/A,#N/A,#N/A,#N/A,#N/A,#N/A,#N/A
72a3c22d-2ed2-432b-b94b-165914e245ce,Pizza Hut,Prospect,#N/A,#N/A,#N/A,#N/A,#N/A,#N/A,#N/A,#N/A,#N/A,#N/A,#N/A,#N/A,#N/A,#N/A,#N/A,#N/A,(731) 225-9219 x5674,#N/A,#N/A,Restaurant,#N/A,#N/A,#N/A,false,#N/A,#N/A,#N/A,#N/A,#N/A,#N/A,#N/A,#N/A,false,false,false,#N/A,false,false,false,false,#N/A,Never,false,true,#N/A,Contract Based,Same,No,#N/A,#N/A,703.0,18000.0,12-3456789,ap@pizzahut.com,#N/A,#N/A
752e211a-bb75-4485-9f47-5cf9cb7a6eaa,Dynazzy,Customer,100 N Tryon St Ste 220,Charlotte,NC,28202-4031,United States,#N/A,#N/A,#N/A,#N/A,#N/A,#N/A,#N/A,#N/A,#N/A,#N/A,#N/A,(409) 570-0907 x2964,#N/A,#N/A,Manufacturing,9.3056E10,#N/A,Velso International is the leader in Manufacturing in Charlotte,false,#N/A,#N/A,#N/A,#N/A,#N/A,#N/A,#N/A,#N/A,false,false,false,#N/A,false,false,false,false,#N/A,Never,false,true,#N/A,Contract Based,Same,No,#N/A,#N/A,#N/A,#N/A,#N/A,#N/A,#N/A,#N/A
775160cb-f120-4068-9e54-093903a4aab9,Regal Cinemas,Customer,#N/A,#N/A,#N/A,#N/A,#N/A,#N/A,#N/A,#N/A,#N/A,#N/A,#N/A,#N/A,#N/A,#N/A,#N/A,#N/A,(802) 602-8402 x6913,#N/A,#N/A,Entertainment,#N/A,#N/A,#N/A,false,#N/A,#N/A,#N/A,#N/A,#N/A,#N/A,#N/A,#N/A,false,false,false,#N/A,false,false,false,false,#N/A,Never,false,true,#N/A,Contract Based,Same,No,#N/A,#N/A,549.0,0.0,12-3456789,accounting@regal.com,#N/A,#N/A
775dee8f-3414-4b38-9a65-ece01fef7811,Twitterwire,Customer,BC V6T 1A7,Vancouver,BC,#N/A,Canada,#N/A,#N/A,#N/A,#N/A,#N/A,#N/A,#N/A,#N/A,#N/A,#N/A,#N/A,(318) 734-5162,#N/A,#N/A,Services,5.0E7,#N/A,Spade and Archer is the leader in Services in BC,false,#N/A,#N/A,#N/A,#N/A,#N/A,#N/A,#N/A,#N/A,false,false,false,#N/A,false,false,false,false,#N/A,Never,false,true,#N/A,Contract Based,Same,No,#N/A,#N/A,#N/A,#N/A,#N/A,#N/A,#N/A,#N/A
777ff5b9-986d-4c61-b53e-d674fdc77f90,Aivee,Customer,Wittelsbacherplatz 2,Bavaria,Munich,80333,Germany,#N/A,#N/A,#N/A,6/10 Mount St,#N/A,#N/A,#N/A,#N/A,#N/A,#N/A,#N/A,(623) 630-8803 x0806,#N/A,#N/A,Banking,8.0231577E7,#N/A,Virtucon is the leader in Banking in Bavaria,false,#N/A,#N/A,#N/A,#N/A,#N/A,#N/A,#N/A,#N/A,false,false,false,#N/A,false,false,false,false,#N/A,Never,false,true,#N/A,Contract Based,Same,No,#N/A,#N/A,#N/A,#N/A,#N/A,#N/A,#N/A,#N/A
77b0ce70-d2e9-41af-8dbf-80cb214630be,Quimm,Customer,900 Cottage Grove Rd,Bloomfield,CT,06002-2920,United States,#N/A,#N/A,#N/A,#N/A,#N/A,#N/A,#N/A,#N/A,#N/A,#N/A,#N/A,(307) 417-4931 x7212,#N/A,#N/A,Media,3.7876E10,#N/A,Trek Broadcasting is the leader in Media in Bloomfield,false,#N/A,#N/A,#N/A,#N/A,#N/A,#N/A,#N/A,#N/A,false,false,false,#N/A,false,false,false,false,#N/A,Never,false,true,#N/A,Contract Based,Same,No,#N/A,#N/A,#N/A,#N/A,#N/A,#N/A,#N/A,#N/A
77bb33f2-fe7a-42de-817c-49d19f2156f8,Twinder,Prospect,3000 N Sam Houston Pkwy E,Houston,TX,77032-3299,United States,#N/A,#N/A,#N/A,#N/A,#N/A,#N/A,#N/A,#N/A,#N/A,#N/A,#N/A,(610) 814-0043 x4540,#N/A,#N/A,Technology,2.3633E10,#N/A,Systym Vitals is the leader in Technology in Houston,false,#N/A,#N/A,#N/A,#N/A,#N/A,#N/A,#N/A,#N/A,false,false,false,#N/A,false,false,false,false,#N/A,Never,false,true,#N/A,Contract Based,Same,No,#N/A,#N/A,#N/A,#N/A,#N/A,#N/A,#N/A,#N/A
795e8882-bf3a-4563-8ba6-936e7f71d8e0,Topicblab,Customer,500 W Main St Ste 300,Louisville,KY,40202-4268,United States,#N/A,#N/A,#N/A,P.O. BOX 14601,Louisville,KY,40214-0601,US,#N/A,#N/A,#N/A,(937) 210-4483,#N/A,#N/A,Apparel,5.4289E10,#N/A,Ankh-Sto Associates is the leader in Apparel in Louisville,false,#N/A,#N/A,#N/A,#N/A,#N/A,#N/A,#N/A,#N/A,false,false,false,#N/A,false,false,false,false,#N/A,Never,false,true,#N/A,Contract Based,Same,No,#N/A,#N/A,#N/A,#N/A,#N/A,#N/A,#N/A,#N/A
79722324-b190-471b-8c3e-b08de19fc254,Topicshots,Prospect,1 SW Bowerman Dr,Beaverton,OR,97005-0979,United States,#N/A,#N/A,#N/A,#N/A,#N/A,#N/A,#N/A,#N/A,#N/A,#N/A,#N/A,(413) 816-4038 x8157,#N/A,#N/A,Technology,3.0601E10,#N/A,Gadgetron is the leader in Technology in Beaverton,false,#N/A,#N/A,#N/A,#N/A,#N/A,#N/A,#N/A,#N/A,false,false,false,#N/A,false,false,false,false,#N/A,Never,false,true,#N/A,Contract Based,Same,No,#N/A,#N/A,#N/A,#N/A,#N/A,#N/A,#N/A,#N/A
79a70b54-6ffd-4390-8851-7cee83fc643e,Viva,Customer,34 Frasers Rd,Mitchelton,QLD,4053,Australia,#N/A,#N/A,#N/A,34 Frasers Rd,Mitchelton,QLD,4053,Australia,#N/A,#N/A,#N/A,(507) 401-0588,#N/A,#N/A,Healthcare,8.4202995E8,#N/A,Christian Lavendar Hospital is the leader in Healthcare in Mitchelton,false,#N/A,#N/A,#N/A,#N/A,#N/A,#N/A,#N/A,#N/A,false,false,false,#N/A,false,false,false,false,#N/A,Never,false,true,#N/A,Contract Based,Same,No,#N/A,#N/A,#N/A,#N/A,#N/A,#N/A,#N/A,#N/A
7bfaac9e-b9cb-44f5-827b-8f926458264e,Browsezoom,Prospect,5565 Maple Wood Street,San Jose,CA,95113,United States,#N/A,#N/A,#N/A,#N/A,#N/A,#N/A,#N/A,#N/A,#N/A,#N/A,#N/A,(925) 978-4952 x5735,#N/A,#N/A,Retail,2.4638374E7,#N/A,#N/A,false,#N/A,#N/A,#N/A,#N/A,#N/A,#N/A,#N/A,#N/A,false,false,false,#N/A,false,false,false,false,#N/A,Never,false,true,#N/A,Contract Based,Same,No,#N/A,#N/A,#N/A,#N/A,#N/A,#N/A,#N/A,#N/A
7c154f19-d7c9-4493-bb24-04d53581dd43,Mydo,Customer,108 Wilmot Rd,Deerfield,IL,60015-5145,United States,#N/A,#N/A,#N/A,200 George Street,#N/A,#N/A,#N/A,#N/A,#N/A,#N/A,#N/A,(402) 478-9927 x2321,#N/A,#N/A,Financial Services,1.03444E11,#N/A,"Civic Wealth, Inc. is the leader in Financial Services in Deerfield",false,#N/A,#N/A,#N/A,#N/A,#N/A,#N/A,#N/A,#N/A,false,false,false,#N/A,false,false,false,false,#N/A,Never,false,true,#N/A,Contract Based,Same,No,#N/A,#N/A,#N/A,#N/A,#N/A,#N/A,#N/A,#N/A
7d0c5573-5e55-461f-9ec9-54af5e9ecbc1,Skaboo,Customer,70173,Baden-Württemberg,Stuttgart,#N/A,Germany,#N/A,#N/A,#N/A,#N/A,#N/A,#N/A,#N/A,#N/A,#N/A,#N/A,#N/A,(937) 973-8018,#N/A,#N/A,Healthcare,2.55815146E8,#N/A,St Francis West Side is the leader in Healthcare in Baden-Württemberg,false,#N/A,#N/A,#N/A,#N/A,#N/A,#N/A,#N/A,#N/A,false,false,false,#N/A,false,false,false,false,#N/A,Never,false,true,#N/A,Contract Based,Same,No,#N/A,#N/A,#N/A,#N/A,#N/A,#N/A,#N/A,#N/A
7d2ecc49-17bb-4745-8cf3-224ca6e1d3cf,Oozz,Customer,170 W Tasman Dr,San Jose,CA,95134-1706,United States,#N/A,#N/A,#N/A,#N/A,#N/A,#N/A,#N/A,#N/A,#N/A,#N/A,#N/A,(252) 605-1120 x2133,#N/A,#N/A,Higher Education,4.9161E10,#N/A,Franklin Research College is the leader in Higher Education in San Jose,false,#N/A,#N/A,#N/A,#N/A,#N/A,#N/A,#N/A,#N/A,false,false,false,#N/A,false,false,false,false,#N/A,Never,false,true,#N/A,Contract Based,Same,No,#N/A,#N/A,#N/A,#N/A,#N/A,#N/A,#N/A,#N/A
7d9b03d0-e6f5-400b-8635-e7581d3f68a4,Brightdog,Customer,3010 Briarpark Dr,Houston,TX,77042-3706,United States,#N/A,#N/A,#N/A,P.O. BOX 4428,Houston,TX,77210-4428,US,#N/A,#N/A,#N/A,(989) 816-0326 x9025,#N/A,#N/A,Hospitality,1.00949E11,#N/A,Your Lesiure Microtels is the leader in Hospitality in Houston,false,#N/A,#N/A,#N/A,#N/A,#N/A,#N/A,#N/A,#N/A,false,false,false,#N/A,false,false,false,false,#N/A,Never,false,true,#N/A,Contract Based,Same,No,#N/A,#N/A,#N/A,#N/A,#N/A,#N/A,#N/A,#N/A
7de0504d-81bb-4553-9a5d-8813cd59c9fa,Agimba,Customer,18 McMahon Dr,Ballan,VIC,3342,Australia,#N/A,#N/A,#N/A,18 McMahon Dr,Ballan,VIC,3342,Australia,#N/A,#N/A,#N/A,(603) 470-6100,#N/A,#N/A,Apparel,5.29570951E8,#N/A,Minuteman Cafe is the leader in Apparel in Ballan,false,#N/A,#N/A,#N/A,#N/A,#N/A,#N/A,#N/A,#N/A,false,false,false,#N/A,false,false,false,false,#N/A,Never,false,true,#N/A,Contract Based,Same,No,#N/A,#N/A,#N/A,#N/A,#N/A,#N/A,#N/A,#N/A
7ff380ee-e459-4923-b9a5-e18e09859613,Plambee,Customer,75716,Paris,Paris,#N/A,France,#N/A,#N/A,#N/A,#N/A,#N/A,#N/A,#N/A,#N/A,#N/A,#N/A,#N/A,(949) 317-1879 x8408,#N/A,#N/A,Agriculture,7.9457611E7,#N/A,Sto Plains Holdings is the leader in Agriculture in Paris,false,#N/A,#N/A,#N/A,#N/A,#N/A,#N/A,#N/A,#N/A,false,false,false,#N/A,false,false,false,false,#N/A,Never,false,true,#N/A,Contract Based,Same,No,#N/A,#N/A,#N/A,#N/A,#N/A,#N/A,#N/A,#N/A
84cdc7b1-2e61-4199-96f8-162a8cd824f1,Trilith,Customer,27 Temple St,Victoria Park,WA,6100,Australia,#N/A,#N/A,#N/A,27 Temple St,Victoria Park,WA,6100,Australia,#N/A,#N/A,#N/A,(201) 219-4767 x6953,#N/A,#N/A,Banking,2.87538616E8,#N/A,LexCorp is the leader in Banking in Victoria Park,false,#N/A,#N/A,#N/A,#N/A,#N/A,#N/A,#N/A,#N/A,false,false,false,#N/A,false,false,false,false,#N/A,Never,false,true,#N/A,Contract Based,Same,No,#N/A,#N/A,#N/A,#N/A,#N/A,#N/A,#N/A,#N/A
8625fbae-c1e7-496f-b1e2-29ba8ff4a096,Landmark Cinemas,Prospect,#N/A,#N/A,#N/A,#N/A,#N/A,#N/A,#N/A,#N/A,#N/A,#N/A,#N/A,#N/A,#N/A,#N/A,#N/A,#N/A,(443) 608-8050,#N/A,#N/A,Entertainment,#N/A,850,#N/A,false,#N/A,#N/A,#N/A,#N/A,#N/A,#N/A,#N/A,#N/A,false,false,false,#N/A,false,false,false,false,#N/A,Never,false,true,#N/A,Contract Based,Same,No,#N/A,#N/A,46.0,0.0,12-3456789,ap@landmark.com,#N/A,#N/A
8781c360-b0e9-4886-ae20-f7019cefadb2,McDonalds,Prospect,#N/A,#N/A,#N/A,#N/A,#N/A,#N/A,#N/A,#N/A,#N/A,#N/A,#N/A,#N/A,#N/A,#N/A,#N/A,#N/A,(509) 209-3429 x6024,#N/A,#N/A,Restaurant,#N/A,205000,#N/A,false,#N/A,#N/A,#N/A,#N/A,#N/A,#N/A,#N/A,#N/A,false,false,false,#N/A,false,false,false,false,#N/A,Never,false,true,#N/A,Contract Based,Same,No,#N/A,#N/A,2636.0,36059.0,62-0234622,ap@mcdonalds.com.invalid.invalid,#N/A,#N/A
88f23e6e-3039-4728-a76b-0249a042dff4,Realfire,Customer,5959 Las Colinas Blvd,Irving,TX,75039-2298,United States,#N/A,#N/A,#N/A,#N/A,#N/A,#N/A,#N/A,#N/A,#N/A,#N/A,#N/A,(317) 941-0211,#N/A,#N/A,Automotive,2.68882E11,#N/A,"Custom Metal, LLC is the leader in Automotive in Irving",false,#N/A,#N/A,#N/A,#N/A,#N/A,#N/A,#N/A,#N/A,false,false,false,#N/A,false,false,false,false,#N/A,Never,false,true,#N/A,Contract Based,Same,No,#N/A,#N/A,#N/A,#N/A,#N/A,#N/A,#N/A,#N/A
895c5cf2-d09e-4ffd-9564-38332da82454,Yakidoo,Customer,75010,Paris,#N/A,#N/A,France,#N/A,#N/A,#N/A,#N/A,#N/A,#N/A,#N/A,#N/A,#N/A,#N/A,#N/A,(718) 413-4171 x3259,#N/A,#N/A,Healthcare,4.528576E8,#N/A,Trevor Ferrin Hospital is the leader in Healthcare,false,#N/A,#N/A,#N/A,#N/A,#N/A,#N/A,#N/A,#N/A,false,false,false,#N/A,false,false,false,false,#N/A,Never,false,true,#N/A,Contract Based,Same,No,#N/A,#N/A,#N/A,#N/A,#N/A,#N/A,#N/A,#N/A
8cd2b290-c964-4702-8e08-64b4965f9476,Voonix,Customer,1 Procter and Gamble Plz,Cincinnati,OH,45202-3393,United States,#N/A,#N/A,#N/A,P.O. BOX 599,Cincinnati,OH,45201-0599,US,#N/A,#N/A,#N/A,(774) 470-9422 x2471,#N/A,#N/A,Consumer Goods,7.6279E10,#N/A,ADM Goods is the leader in Consumer Goods in Cincinnati,false,#N/A,#N/A,#N/A,#N/A,#N/A,#N/A,#N/A,#N/A,false,false,false,#N/A,false,false,false,false,#N/A,Never,false,true,#N/A,Contract Based,Same,No,#N/A,#N/A,#N/A,#N/A,#N/A,#N/A,#N/A,#N/A
8e3420f1-61a1-445a-ad45-6dfd946f8acf,Tagtune,Customer,8200 Jones Branch Dr,Mc Lean,VA,22102-3107,United States,#N/A,#N/A,#N/A,#N/A,#N/A,#N/A,#N/A,#N/A,#N/A,#N/A,#N/A,(831) 228-0113,#N/A,#N/A,Hospitality,6.3491E10,#N/A,Decorum Interior Design is the leader in Hospitality in Mc Lean,false,#N/A,#N/A,#N/A,#N/A,#N/A,#N/A,#N/A,#N/A,false,false,false,#N/A,false,false,false,false,#N/A,Never,false,true,#N/A,Contract Based,Same,No,#N/A,#N/A,#N/A,#N/A,#N/A,#N/A,#N/A,#N/A
8ed8c13d-30f9-4c21-a858-0dc38abf8740,Trunyx,Prospect,420 Montgomery St Frnt,San Francisco,CA,94104-1205,United States,#N/A,#N/A,#N/A,420 Montgomery St Frnt,#N/A,#N/A,#N/A,#N/A,#N/A,#N/A,#N/A,(502) 520-5973 x0872,#N/A,#N/A,Financial Services,9.0033E10,#N/A,Cryptocurrents is the leader in Financial Services in San Francisco,false,#N/A,#N/A,#N/A,#N/A,#N/A,#N/A,#N/A,#N/A,false,false,false,#N/A,false,false,false,false,#N/A,Never,false,true,#N/A,Contract Based,Same,No,#N/A,#N/A,#N/A,#N/A,#N/A,#N/A,#N/A,#N/A
8f2a2cc3-c9bd-47a7-8c96-ca15d991f09a,Wordware,Prospect,066 Grayhawk Road,Flushing,NY,11355,United States,#N/A,#N/A,#N/A,#N/A,#N/A,#N/A,#N/A,#N/A,#N/A,#N/A,#N/A,(818) 229-0625,#N/A,#N/A,Utilities,1.5566896E7,#N/A,#N/A,false,#N/A,#N/A,#N/A,#N/A,#N/A,#N/A,#N/A,#N/A,false,false,false,#N/A,false,false,false,false,#N/A,Never,false,true,#N/A,Contract Based,Same,No,#N/A,#N/A,#N/A,#N/A,#N/A,#N/A,#N/A,#N/A
8f304e62-d05a-427d-ae50-1cae1eef30c4,Gigaclub,Customer,57 Clifton Dr,Bacchus Marsh,VIC,3340,Australia,#N/A,#N/A,#N/A,57 Clifton Dr,Bacchus Marsh,VIC,3340,Australia,#N/A,#N/A,#N/A,(915) 904-9509,#N/A,#N/A,Healthcare,4.93945873E8,#N/A,PK South is the leader in Healthcare in Bacchus Marsh,false,#N/A,#N/A,#N/A,#N/A,#N/A,#N/A,#N/A,#N/A,false,false,false,#N/A,false,false,false,false,#N/A,Never,false,true,#N/A,Contract Based,Same,No,#N/A,#N/A,#N/A,#N/A,#N/A,#N/A,#N/A,#N/A
91912a93-b079-4b0f-abe4-e955d4e95af2,Layo,Customer,1030 Delta Blvd,Atlanta,GA,30354-1989,United States,#N/A,#N/A,#N/A,P.O. BOX 20706,Atlanta,GA,30320-6001,US,#N/A,#N/A,#N/A,(570) 308-7554 x1838,#N/A,#N/A,Shipping,4.0704E10,#N/A,Taggart Transcontinental is the leader in Shipping in Atlanta,false,#N/A,#N/A,#N/A,#N/A,#N/A,#N/A,#N/A,#N/A,false,false,false,#N/A,false,false,false,false,#N/A,Never,false,true,#N/A,Contract Based,Same,No,#N/A,#N/A,#N/A,#N/A,#N/A,#N/A,#N/A,#N/A
9704ffdf-2ff7-44d5-8632-b9ea5a107d41,Twiyo,Customer,1211 Ave of The Americas,New York,NY,10036-8701,United States,#N/A,#N/A,#N/A,178 Campbell Parade,#N/A,#N/A,#N/A,#N/A,#N/A,#N/A,#N/A,(214) 219-5420,#N/A,#N/A,Automotive,2.8987E10,#N/A,Enginomics is the leader in Automotive in New York,false,#N/A,#N/A,#N/A,#N/A,#N/A,#N/A,#N/A,#N/A,false,false,false,#N/A,false,false,false,false,#N/A,Never,false,true,#N/A,Contract Based,Same,No,#N/A,#N/A,#N/A,#N/A,#N/A,#N/A,#N/A,#N/A
995e79a9-2c10-4b96-a7e0-728bf7487d7d,Eazzy,Prospect,7000 Cardinal Pl,Dublin,OH,43017-1091,United States,#N/A,#N/A,#N/A,#N/A,#N/A,#N/A,#N/A,#N/A,#N/A,#N/A,#N/A,(563) 818-6107 x6121,#N/A,#N/A,Construction,1.02531E11,#N/A,Sombra Corporation is the leader in Construction in Dublin,false,#N/A,#N/A,#N/A,#N/A,#N/A,#N/A,#N/A,#N/A,false,false,false,#N/A,false,false,false,false,#N/A,Never,false,true,#N/A,Contract Based,Same,No,#N/A,#N/A,#N/A,#N/A,#N/A,#N/A,#N/A,#N/A
9b12e9ee-f03a-411d-8426-15ce8979e6d4,Kimia,Customer,2/11 Boyle St,Balgowlah,NSW,2093,Australia,#N/A,#N/A,#N/A,2/11 Boyle St,Balgowlah,NSW,2093,Australia,#N/A,#N/A,#N/A,(862) 754-7394,#N/A,#N/A,Transportation,4.9892102E7,#N/A,Smith and Co. is the leader in Transportation in Balgowlah,false,#N/A,#N/A,#N/A,#N/A,#N/A,#N/A,#N/A,#N/A,false,false,false,#N/A,false,false,false,false,#N/A,Never,false,true,#N/A,Contract Based,Same,No,#N/A,#N/A,#N/A,#N/A,#N/A,#N/A,#N/A,#N/A
9db81446-6dc7-4ea6-9a8f-0bfa5ed9e6eb,Zazio,Prospect,4333 Amon Carter Blvd,Fort Worth,TX,76155-2664,United States,#N/A,#N/A,#N/A,P.O. BOX 619616,Dallas,TX,75261-9616,US,#N/A,#N/A,#N/A,(520) 351-2913 x7332,#N/A,#N/A,Media,4.099E10,#N/A,Primary Printing is the leader in Media in Fort Worth,false,#N/A,#N/A,#N/A,#N/A,#N/A,#N/A,#N/A,#N/A,false,false,false,#N/A,false,false,false,false,#N/A,Never,false,true,#N/A,Contract Based,Same,No,#N/A,#N/A,#N/A,#N/A,#N/A,#N/A,#N/A,#N/A
9ef0ab22-d164-4d10-a349-f04fa858a47b,Jetpulse,Customer,270 Park Ave,New York,NY,10017-2014,United States,#N/A,#N/A,#N/A,#N/A,#N/A,#N/A,#N/A,#N/A,#N/A,#N/A,#N/A,(850) 765-7239 x3755,#N/A,#N/A,Non Profit,1.01006E11,#N/A,Human Rights Defense Fund is the leader in Non Profit in New York,false,#N/A,#N/A,#N/A,#N/A,#N/A,#N/A,#N/A,#N/A,false,false,false,#N/A,false,false,false,false,#N/A,Never,false,true,#N/A,Contract Based,Same,No,#N/A,#N/A,#N/A,#N/A,#N/A,#N/A,#N/A,#N/A
a0827276-fbc3-4230-ac0a-5188ae2d38bd,Realcube,Customer,"Via Nizza, 250",Turin,Turin,#N/A,Italy,#N/A,#N/A,#N/A,#N/A,#N/A,#N/A,#N/A,#N/A,#N/A,#N/A,#N/A,(214) 339-4168,#N/A,#N/A,Healthcare,7.20606185E8,#N/A,TF North is the leader in Healthcare in Turin,false,#N/A,#N/A,#N/A,#N/A,#N/A,#N/A,#N/A,#N/A,false,false,false,#N/A,false,false,false,false,#N/A,Never,false,true,#N/A,Contract Based,Same,No,#N/A,#N/A,#N/A,#N/A,#N/A,#N/A,#N/A,#N/A
a1844d51-1eca-4a7f-93a8-d6a08f1b317d,Thoughtstorm,Customer,3 Myra St,Wahroonga,NSW,2076,Australia,#N/A,#N/A,#N/A,3 Myra St,Wahroonga,NSW,2076,Australia,#N/A,#N/A,#N/A,(602) 216-4836 x1617,#N/A,#N/A,Technology,3.45972597E8,#N/A,Nordyne Defense Dynamics is the leader in Technology in Wahroonga,false,#N/A,#N/A,#N/A,#N/A,#N/A,#N/A,#N/A,#N/A,false,false,false,#N/A,false,false,false,false,#N/A,Never,false,true,#N/A,Contract Based,Same,No,#N/A,#N/A,#N/A,#N/A,#N/A,#N/A,#N/A,#N/A
a422436a-f300-4ca5-9b1c-22dc05d1b699,Trudoo,Customer,66 Beckenham St,Canley Vale,NSW,2166,Australia,#N/A,#N/A,#N/A,66 Beckenham St,Canley Vale,NSW,2166,Australia,#N/A,#N/A,#N/A,(973) 904-2945,#N/A,#N/A,Consulting,1.78663741E8,#N/A,Mr. Sparkle is the leader in Consulting in Canley Vale,false,#N/A,#N/A,#N/A,#N/A,#N/A,#N/A,#N/A,#N/A,false,false,false,#N/A,false,false,false,false,#N/A,Never,false,true,#N/A,Contract Based,Same,No,#N/A,#N/A,#N/A,#N/A,#N/A,#N/A,#N/A,#N/A
a4967fe0-d6e4-41a0-99d8-6163215bf3c8,Zoomcast,Prospect,1 Express Way,Saint Louis,MO,63121-1824,United States,#N/A,#N/A,#N/A,#N/A,#N/A,#N/A,#N/A,#N/A,#N/A,#N/A,#N/A,(315) 831-7351,#N/A,#N/A,Retail,1.01752E11,#N/A,Rhapsodic AG is the leader in Retail in Saint Louis,false,#N/A,#N/A,#N/A,#N/A,#N/A,#N/A,#N/A,#N/A,false,false,false,#N/A,false,false,false,false,#N/A,Never,false,true,#N/A,Contract Based,Same,No,#N/A,#N/A,#N/A,#N/A,#N/A,#N/A,#N/A,#N/A
a4daeda2-0e58-4d86-ad2b-ea50ec91d281,Pixoboo,Customer,19100 Ridgewood Pkwy,San Antonio,TX,78259-1834,United States,#N/A,#N/A,#N/A,P.O. BOX 8016,Cary,NC,27512-8016,US,#N/A,#N/A,#N/A,(313) 913-7451,#N/A,#N/A,Consumer Goods,2.8711E10,#N/A,General Products is the leader in Consumer Goods in San Antonio,false,#N/A,#N/A,#N/A,#N/A,#N/A,#N/A,#N/A,#N/A,false,false,false,#N/A,false,false,false,false,#N/A,Never,false,true,#N/A,Contract Based,Same,No,#N/A,#N/A,#N/A,#N/A,#N/A,#N/A,#N/A,#N/A
a554b3a4-5d22-48a7-ad53-a8d8fa1d633b,Realblab,Prospect,53 Park Meadow Pass,New Bedford,MA,2745,United States,#N/A,#N/A,#N/A,#N/A,#N/A,#N/A,#N/A,#N/A,#N/A,#N/A,#N/A,(631) 971-4067,#N/A,#N/A,Insurance,2.9588767E7,#N/A,#N/A,false,#N/A,#N/A,#N/A,#N/A,#N/A,#N/A,#N/A,#N/A,false,false,false,#N/A,false,false,false,false,#N/A,Never,false,true,#N/A,Contract Based,Same,No,#N/A,#N/A,#N/A,#N/A,#N/A,#N/A,#N/A,#N/A
a5795e95-577c-4d7d-9095-fb058e857335,Twimm,Prospect,10/33-37 Gannons Rd,Caringbah,NSW,1495,Australia,#N/A,#N/A,#N/A,10/33-37 Gannons Rd,Caringbah,NSW,1495,Australia,#N/A,#N/A,#N/A,(605) 802-0319 x0055,#N/A,#N/A,Healthcare,8.0231577E7,#N/A,Nick Ciapetta Hospital is the leader in Healthcare in Caringbah,false,#N/A,#N/A,#N/A,#N/A,#N/A,#N/A,#N/A,#N/A,false,false,false,#N/A,false,false,false,false,#N/A,Never,false,true,#N/A,Contract Based,Same,No,#N/A,#N/A,#N/A,#N/A,#N/A,#N/A,#N/A,#N/A
a5a96ef5-994a-4d80-a0c1-2340461fc945,Thoughtworks,Customer,19 Airlie Cr,Cecil Hills,NSW,2171,Australia,#N/A,#N/A,#N/A,19 Airlie Cr,Cecil Hills,NSW,2171,Australia,#N/A,#N/A,#N/A,(301) 505-1654 x0660,#N/A,#N/A,Healthcare,2.35005519E8,#N/A,NC North is the leader in Healthcare in Cecil Hills,false,#N/A,#N/A,#N/A,#N/A,#N/A,#N/A,#N/A,#N/A,false,false,false,#N/A,false,false,false,false,#N/A,Never,false,true,#N/A,Contract Based,Same,No,#N/A,#N/A,#N/A,#N/A,#N/A,#N/A,#N/A,#N/A
a84afc04-0b7d-4350-a71c-a94acc3ce9f3,Thoughtblab,Prospect,5898 Superior Street,Danbury,CT,6816,United States,#N/A,#N/A,#N/A,#N/A,#N/A,#N/A,#N/A,#N/A,#N/A,#N/A,#N/A,(469) 518-8390 x3652,#N/A,#N/A,Insurance,6574015.0,#N/A,#N/A,false,#N/A,#N/A,#N/A,#N/A,#N/A,#N/A,#N/A,#N/A,false,false,false,#N/A,false,false,false,false,#N/A,Never,false,true,#N/A,Contract Based,Same,No,#N/A,#N/A,#N/A,#N/A,#N/A,#N/A,#N/A,#N/A
a87b0d8c-1bc2-4436-8d82-7dd2f01290a0,Jaxworks,Customer,60 Columbus Cir FL 17,New York,NY,10023-5860,United States,#N/A,#N/A,#N/A,6/10 Mount St,#N/A,#N/A,#N/A,#N/A,#N/A,#N/A,#N/A,(260) 618-7945 x8108,#N/A,#N/A,Finance,2.3697E10,#N/A,Thrift Bank is the leader in Finance in New York,false,#N/A,#N/A,#N/A,#N/A,#N/A,#N/A,#N/A,#N/A,false,false,false,#N/A,false,false,false,false,#N/A,Never,false,true,#N/A,Contract Based,Same,No,#N/A,#N/A,#N/A,#N/A,#N/A,#N/A,#N/A,#N/A
a8f280f6-41ba-4f4e-8e04-fb34b166ba24,Zoovu,Customer,350 Collins Street,Melbourne,VIC,3000,Australia,#N/A,#N/A,#N/A,350 Collins Street,Melbourne,VIC,3000,Australia,#N/A,#N/A,#N/A,(570) 509-9322,#N/A,#N/A,Construction,9.02787175E8,#N/A,Extensive Enterprise is the leader in Construction in Melbourne,false,#N/A,#N/A,#N/A,#N/A,#N/A,#N/A,#N/A,#N/A,false,false,false,#N/A,false,false,false,false,#N/A,Never,false,true,#N/A,Contract Based,Same,No,#N/A,#N/A,#N/A,#N/A,#N/A,#N/A,#N/A,#N/A
aa2fb1fb-eb95-4e51-869f-690643875e0e,Gabcube,Customer,140 Diagonal Rd,Warradale,SA,5046,Australia,#N/A,#N/A,#N/A,140 Diagonal Rd,Warradale,SA,5046,Australia,#N/A,#N/A,#N/A,(814) 760-2602,#N/A,#N/A,Apparel,1.27207233E8,#N/A,Charles Townsend Agency is the leader in Apparel in Warradale,false,#N/A,#N/A,#N/A,#N/A,#N/A,#N/A,#N/A,#N/A,false,false,false,#N/A,false,false,false,false,#N/A,Never,false,true,#N/A,Contract Based,Same,No,#N/A,#N/A,#N/A,#N/A,#N/A,#N/A,#N/A,#N/A
ab258844-697f-4050-a03d-7bbad014b5ec,Shuffletag,Customer,1 Post St FL 18,San Francisco,CA,94104-5284,United States,#N/A,#N/A,#N/A,3003 E 3rd Ave #201,#N/A,#N/A,#N/A,#N/A,#N/A,#N/A,#N/A,(412) 850-9249 x1377,#N/A,#N/A,Non Profit,1.90884E11,#N/A,Save the Wild is the leader in Non Profit in San Francisco,false,#N/A,#N/A,#N/A,#N/A,#N/A,#N/A,#N/A,#N/A,false,false,false,#N/A,false,false,false,false,#N/A,Never,false,true,#N/A,Contract Based,Same,No,#N/A,#N/A,#N/A,#N/A,#N/A,#N/A,#N/A,#N/A
ad5b1e97-6f94-41bd-ba84-f09f2293ef8d,Noba,Customer,6001 Bollinger Canyon Rd,San Ramon,CA,94583-2324,United States,#N/A,#N/A,#N/A,#N/A,#N/A,#N/A,#N/A,#N/A,#N/A,#N/A,#N/A,(832) 618-3146,#N/A,#N/A,Technology,1.38477E11,#N/A,Audioshore is the leader in Technology in San Ramon,false,#N/A,#N/A,#N/A,#N/A,#N/A,#N/A,#N/A,#N/A,false,false,false,#N/A,false,false,false,false,#N/A,Never,false,true,#N/A,Contract Based,Same,No,#N/A,#N/A,#N/A,#N/A,#N/A,#N/A,#N/A,#N/A
ae8b6ff9-c9a1-462a-8948-68cdbdf82431,Shake Shack,Customer,#N/A,#N/A,#N/A,#N/A,#N/A,#N/A,#N/A,#N/A,#N/A,#N/A,#N/A,#N/A,#N/A,#N/A,#N/A,#N/A,(269) 228-1053 x9753,#N/A,#N/A,Restaurant,#N/A,#N/A,#N/A,false,#N/A,#N/A,#N/A,#N/A,#N/A,#N/A,#N/A,#N/A,false,false,false,#N/A,false,false,false,false,#N/A,Never,false,true,#N/A,Contract Based,Same,No,#N/A,#N/A,168.0,0.0,12-3456789,ap@shakeshak.com,#N/A,#N/A
b0e6bed0-bc1d-4623-a37b-64f0a8aafe03,Meeveo,Customer,"Tesco House, Shire Park, Kestrel Way",Welwyn Garden City,#N/A,AL7 1GA,United Kingdom,#N/A,#N/A,#N/A,"Tesco House, Shire Park, Kestrel Way",#N/A,#N/A,#N/A,#N/A,#N/A,#N/A,#N/A,(865) 845-9058 x7676,#N/A,#N/A,Biotechnology,1.46231103E8,#N/A,Western Gas & Electric is the leader in Biotechnology,false,#N/A,#N/A,#N/A,#N/A,#N/A,#N/A,#N/A,#N/A,false,false,false,#N/A,false,false,false,false,#N/A,Never,false,true,#N/A,Contract Based,Same,No,#N/A,#N/A,#N/A,#N/A,#N/A,#N/A,#N/A,#N/A
b388e7d1-7838-4236-8214-a59ac7fa6c15,Bluezoom,Prospect,410 Terry Ave N,Seattle,WA,98109-5210,United States,#N/A,#N/A,#N/A,P.O. BOX 81226,Seattle,WA,98108-1300,US,#N/A,#N/A,#N/A,(276) 567-1138,#N/A,#N/A,Higher Education,1.07006E11,#N/A,Heimdall College of Optometry is the leader in Higher Education in Seattle,false,#N/A,#N/A,#N/A,#N/A,#N/A,#N/A,#N/A,#N/A,false,false,false,#N/A,false,false,false,false,#N/A,Never,false,true,#N/A,Contract Based,Same,No,#N/A,#N/A,#N/A,#N/A,#N/A,#N/A,#N/A,#N/A
b59e3b42-bc70-4ea6-b477-7e270e17bbeb,Eidel,Customer,45131 Brüsseler Platz,Bavaria,Essen,#N/A,Germany,#N/A,#N/A,#N/A,#N/A,#N/A,#N/A,#N/A,#N/A,#N/A,#N/A,#N/A,(616) 910-4853 x0969,#N/A,#N/A,Government,6.52105621E8,#N/A,Tessier-Ashpool is the leader in Government in Bavaria,false,#N/A,#N/A,#N/A,#N/A,#N/A,#N/A,#N/A,#N/A,false,false,false,#N/A,false,false,false,false,#N/A,Never,false,true,#N/A,Contract Based,Same,No,#N/A,#N/A,#N/A,#N/A,#N/A,#N/A,#N/A,#N/A
b655fa24-4d96-415d-a0ce-1b359a2fe04d,Vimbo,Prospect,1234 Hilltop Road,Broomfield,Colorado,80020,USA,#N/A,#N/A,#N/A,#N/A,#N/A,#N/A,#N/A,#N/A,#N/A,#N/A,#N/A,(914) 573-0317 x5223,#N/A,#N/A,Healthcare,#N/A,#N/A,Rachel Adams is the leader in Healthcare in Broomfield,false,#N/A,#N/A,#N/A,#N/A,#N/A,#N/A,#N/A,#N/A,false,false,false,#N/A,false,false,false,false,#N/A,Never,false,true,#N/A,Contract Based,Same,No,#N/A,#N/A,#N/A,#N/A,#N/A,#N/A,#N/A,#N/A
ba795242-9e5b-4a02-be9d-bf34dbd513e7,Aibox,#N/A,#N/A,#N/A,#N/A,#N/A,#N/A,#N/A,#N/A,#N/A,#N/A,#N/A,#N/A,#N/A,#N/A,#N/A,#N/A,#N/A,(407) 918-7209 x0731,#N/A,#N/A,#N/A,#N/A,#N/A,#N/A,false,#N/A,#N/A,#N/A,#N/A,#N/A,#N/A,#N/A,#N/A,false,false,false,#N/A,false,false,false,false,#N/A,Never,false,true,#N/A,Contract Based,Same,No,#N/A,#N/A,#N/A,#N/A,#N/A,#N/A,#N/A,#N/A
be175024-cc12-42c8-b8dd-d02e3a069854,Six Flags Entertainment,Prospect,#N/A,#N/A,TX,#N/A,#N/A,#N/A,#N/A,#N/A,#N/A,#N/A,#N/A,#N/A,#N/A,#N/A,#N/A,#N/A,(402) 607-4658 x2151,#N/A,#N/A,Entertainment,#N/A,#N/A,#N/A,false,#N/A,#N/A,#N/A,#N/A,#N/A,#N/A,#N/A,#N/A,false,false,false,#N/A,false,false,false,false,#N/A,Never,false,true,#N/A,Contract Based,Same,No,#N/A,#N/A,26.0,0.0,12-3456789,ap@sixflags.com,#N/A,#N/A
bfc73cdb-c933-461c-a281-54be736224e8,Photobug,Prospect,2 Graceland Street,Bloomington,IN,47405,United States,#N/A,#N/A,#N/A,#N/A,#N/A,#N/A,#N/A,#N/A,#N/A,#N/A,#N/A,(606) 925-3141,#N/A,#N/A,Manufacturing,3645701.0,#N/A,#N/A,false,#N/A,#N/A,#N/A,#N/A,#N/A,#N/A,#N/A,#N/A,false,false,false,#N/A,false,false,false,false,#N/A,Never,false,true,#N/A,Contract Based,Same,No,#N/A,#N/A,#N/A,#N/A,#N/A,#N/A,#N/A,#N/A
c2239b64-53d1-4861-807b-ec6bcdd0e42d,Bluejam,Customer,348 St Kilda Road,Melbourne,VIC,3004,Australia,#N/A,#N/A,#N/A,348 St Kilda Road,Melbourne,VIC,3004,Australia,#N/A,#N/A,#N/A,(256) 770-4592,#N/A,#N/A,Food & Beverage,5.73645303E8,#N/A,Globex Corporation is the leader in Food & Beverage in Melbourne,false,#N/A,#N/A,#N/A,#N/A,#N/A,#N/A,#N/A,#N/A,false,false,false,#N/A,false,false,false,false,#N/A,Never,false,true,#N/A,Contract Based,Same,No,#N/A,#N/A,#N/A,#N/A,#N/A,#N/A,#N/A,#N/A
c503ee63-97bb-4de6-b706-2c1171fbc8ca,Omba,Customer,5/19-21 Shields St,Redcliffe,QLD,4020,Australia,#N/A,#N/A,#N/A,5/19-21 Shields St,Redcliffe,QLD,4020,Australia,#N/A,#N/A,#N/A,(757) 406-7815 x8110,#N/A,#N/A,Healthcare,2.38658603E8,#N/A,Matt Stecklein Hospital is the leader in Healthcare in Redcliffe,false,#N/A,#N/A,#N/A,#N/A,#N/A,#N/A,#N/A,#N/A,false,false,false,#N/A,false,false,false,false,#N/A,Never,false,true,#N/A,Contract Based,Same,No,#N/A,#N/A,#N/A,#N/A,#N/A,#N/A,#N/A,#N/A
c6cf9e54-021a-4338-af1c-9bc8fde4b43b,Camimbo,Customer,3500 Deer Creek Road,Palo Alto,CA,35265,United States,#N/A,#N/A,#N/A,#N/A,#N/A,#N/A,#N/A,#N/A,#N/A,#N/A,#N/A,(970) 585-4681,#N/A,#N/A,Shipping,6.524859542E9,#N/A,123 Warehousing is the leader in Shipping in Palo Alto,false,#N/A,#N/A,#N/A,#N/A,#N/A,#N/A,#N/A,#N/A,false,false,false,#N/A,false,false,false,false,#N/A,Never,false,true,#N/A,Contract Based,Same,No,#N/A,#N/A,#N/A,#N/A,#N/A,#N/A,#N/A,#N/A
c733c042-1422-4b24-8891-2e2557334731,Wikibox,Prospect,920 Sylvan Ave,Mead,CO,80547,USA,#N/A,#N/A,#N/A,#N/A,#N/A,#N/A,#N/A,#N/A,#N/A,#N/A,#N/A,(207) 915-1984,#N/A,#N/A,Communications,5.45047272E8,#N/A,Three Waters is the leader in Communications,false,#N/A,#N/A,#N/A,#N/A,#N/A,#N/A,#N/A,#N/A,false,false,false,#N/A,false,false,false,false,#N/A,Never,false,true,#N/A,Contract Based,Same,No,#N/A,#N/A,#N/A,#N/A,#N/A,#N/A,#N/A,#N/A
c7fa7c41-596a-4b9e-aed8-1291aaddd59d,Skinte,Customer,9900 Bren Rd E Ste 300w,Minnetonka,MN,55343-9693,United States,#N/A,#N/A,#N/A,P.O. BOX 1459,Minneapolis,MN,55440-1459,US,#N/A,#N/A,#N/A,(317) 228-6103 x8612,#N/A,#N/A,Shipping,1.57107E11,#N/A,"Input, Inc. is the leader in Shipping in Minnetonka",false,#N/A,#N/A,#N/A,#N/A,#N/A,#N/A,#N/A,#N/A,false,false,false,#N/A,false,false,false,false,#N/A,Never,false,true,#N/A,Contract Based,Same,No,#N/A,#N/A,#N/A,#N/A,#N/A,#N/A,#N/A,#N/A
cd80008b-3240-4e35-895b-8bba2e29adcb,Meevee,Customer,2200 W Don Tyson Pkwy,Springdale,AR,72762-6901,United States,#N/A,#N/A,#N/A,P.O. BOX 2020,Springdale,AR,72765-2020,US,#N/A,#N/A,#N/A,(225) 409-8580,#N/A,#N/A,Media,4.1373E10,#N/A,Newslync is the leader in Media in Springdale,false,#N/A,#N/A,#N/A,#N/A,#N/A,#N/A,#N/A,#N/A,false,false,false,#N/A,false,false,false,false,#N/A,Never,false,true,#N/A,Contract Based,Same,No,#N/A,#N/A,#N/A,#N/A,#N/A,#N/A,#N/A,#N/A
cdde4c83-f1a1-4bd6-accc-7e68e06f15af,Voomm,Prospect,5757 N Green Bay Ave,Milwaukee,WI,53209-4408,United States,#N/A,#N/A,#N/A,P.O. BOX 591,Milwaukee,WI,53201-0591,US,#N/A,#N/A,#N/A,(443) 718-8711 x4613,#N/A,#N/A,Machinery,3.7179E10,#N/A,General Forge and Foundry is the leader in Machinery in Milwaukee,false,#N/A,#N/A,#N/A,#N/A,#N/A,#N/A,#N/A,#N/A,false,false,false,#N/A,false,false,false,false,#N/A,Never,false,true,#N/A,Contract Based,Same,No,#N/A,#N/A,#N/A,#N/A,#N/A,#N/A,#N/A,#N/A
cf098ced-d222-41e5-a097-984af3518b1e,Kwideo,Customer,390 Harris Street,Sydney,NSW,2007,Australia,#N/A,#N/A,#N/A,390 Harris Street,Sydney,NSW,2007,Australia,#N/A,#N/A,#N/A,(312) 440-2802,#N/A,#N/A,Energy,6.39903177E8,#N/A,Petrox Oil Company is the leader in Energy in Sydney,false,#N/A,#N/A,#N/A,#N/A,#N/A,#N/A,#N/A,#N/A,false,false,false,#N/A,false,false,false,false,#N/A,Never,false,true,#N/A,Contract Based,Same,No,#N/A,#N/A,#N/A,#N/A,#N/A,#N/A,#N/A,#N/A
cfdaf8af-bdac-4b14-882a-50b54f02bf2b,Buzzshare,Customer,2941 Frview Pk Dr Ste 100,Falls Church,VA,22042,United States,#N/A,#N/A,#N/A,#N/A,#N/A,#N/A,#N/A,#N/A,#N/A,#N/A,#N/A,(435) 229-1948 x7467,#N/A,#N/A,Transportation,3.1469E10,#N/A,Keading Transportation Services is the leader in Transportation in Falls Church,false,#N/A,#N/A,#N/A,#N/A,#N/A,#N/A,#N/A,#N/A,false,false,false,#N/A,false,false,false,false,#N/A,Never,false,true,#N/A,Contract Based,Same,No,#N/A,#N/A,#N/A,#N/A,#N/A,#N/A,#N/A,#N/A
d0421d9f-ce08-4141-b28b-f1beec63e8c8,Edgepulse,Customer,30 Avenue Montaigne,Paris,Paris,#N/A,France,#N/A,#N/A,#N/A,#N/A,#N/A,#N/A,#N/A,#N/A,#N/A,#N/A,#N/A,(863) 915-9992,#N/A,#N/A,Healthcare,5.25079613E8,#N/A,St. Francis South Side is the leader in Healthcare in Paris,false,#N/A,#N/A,#N/A,#N/A,#N/A,#N/A,#N/A,#N/A,false,false,false,#N/A,false,false,false,false,#N/A,Never,false,true,#N/A,Contract Based,Same,No,#N/A,#N/A,#N/A,#N/A,#N/A,#N/A,#N/A,#N/A
d05c28e1-d779-4f29-aa2d-4afd5152e33c,Devcast,Customer,45 Spring Street,Melbourne,VIC,3000,Australia,#N/A,#N/A,#N/A,45 Spring Street,Melbourne,VIC,3000,Australia,#N/A,#N/A,#N/A,(864) 269-0016 x4738,#N/A,#N/A,Hospitality,7.70881668E8,#N/A,Globo Gym American Corp is the leader in Hospitality in Melbourne,false,#N/A,#N/A,#N/A,#N/A,#N/A,#N/A,#N/A,#N/A,false,false,false,#N/A,false,false,false,false,#N/A,Never,false,true,#N/A,Contract Based,Same,No,#N/A,#N/A,#N/A,#N/A,#N/A,#N/A,#N/A,#N/A
d2d9a676-f687-4f6b-bd82-306180647fb0,Buzzbean,Prospect,200 West St Bldg 200,New York,NY,10282-2198,United States,#N/A,#N/A,#N/A,#N/A,#N/A,#N/A,#N/A,#N/A,#N/A,#N/A,#N/A,(254) 502-2579 x6925,#N/A,#N/A,Energy,3.9208E10,#N/A,"Voltronics, Inc. is the leader in Energy in New York",false,#N/A,#N/A,#N/A,#N/A,#N/A,#N/A,#N/A,#N/A,false,false,false,#N/A,false,false,false,false,#N/A,Never,false,true,#N/A,Contract Based,Same,No,#N/A,#N/A,#N/A,#N/A,#N/A,#N/A,#N/A,#N/A
d33155e0-56e9-4d8c-9871-73873fea4969,Jaxspan,Prospect,67 Como Pde,Como,NSW,2226,Australia,#N/A,#N/A,#N/A,67 Como Pde,Como,NSW,2226,Australia,#N/A,#N/A,#N/A,(858) 630-4240,#N/A,#N/A,Consulting,6.8846673E7,#N/A,Megadodo Publications is the leader in Consulting in Como,false,#N/A,#N/A,#N/A,#N/A,#N/A,#N/A,#N/A,#N/A,false,false,false,#N/A,false,false,false,false,#N/A,Never,false,true,#N/A,Contract Based,Same,No,#N/A,#N/A,#N/A,#N/A,#N/A,#N/A,#N/A,#N/A
d468f3cd-86a9-4808-891a-bd924ac3277e,Eadel,Customer,208 S Akard St,Dallas,TX,75202-4295,United States,#N/A,#N/A,#N/A,#N/A,#N/A,#N/A,#N/A,#N/A,#N/A,#N/A,#N/A,(508) 906-0561,#N/A,#N/A,Automotive,1.46801E11,#N/A,"Regal Machine, Inc. is the leader in Automotive in Dallas",false,#N/A,#N/A,#N/A,#N/A,#N/A,#N/A,#N/A,#N/A,false,false,false,#N/A,false,false,false,false,#N/A,Never,false,true,#N/A,Contract Based,Same,No,#N/A,#N/A,#N/A,#N/A,#N/A,#N/A,#N/A,#N/A
d7009f21-edcf-4a96-bff2-b2e719bac8dd,Divavu,Customer,1300 Morris Dr Ste 100,Chesterbrook,PA,19087-5594,United States,#N/A,#N/A,#N/A,P.O. BOX 959,Valley Forge,PA,19482-0959,US,#N/A,#N/A,#N/A,(410) 949-1027 x0481,#N/A,#N/A,Manufacturing,1.35962E11,#N/A,Apogee Corp. is the leader in Manufacturing in Chesterbrook,false,#N/A,#N/A,#N/A,#N/A,#N/A,#N/A,#N/A,#N/A,false,false,false,#N/A,false,false,false,false,#N/A,Never,false,true,#N/A,Contract Based,Same,No,#N/A,#N/A,#N/A,#N/A,#N/A,#N/A,#N/A,#N/A
da52ebcb-088e-496f-9625-6f7e77228e7a,Vipe,Prospect,1100 Louisiana St FL 10,Houston,TX,77002-5432,United States,#N/A,#N/A,#N/A,P.O. BOX 4324,Houston,TX,77210-4324,US,#N/A,#N/A,#N/A,(312) 724-2318,#N/A,#N/A,Healthcare,2.70279E10,#N/A,Sylvia Birungi Hospital is the leader in Healthcare in Houston,false,#N/A,#N/A,#N/A,#N/A,#N/A,#N/A,#N/A,#N/A,false,false,false,#N/A,false,false,false,false,#N/A,Never,false,true,#N/A,Contract Based,Same,No,#N/A,#N/A,#N/A,#N/A,#N/A,#N/A,#N/A,#N/A
da8f3390-43a7-4914-8a10-bec725cda8d6,Jabberstorm,Customer,6/10 Mount St,Hunters Hill,NSW,2110,Australia,#N/A,#N/A,#N/A,6/10 Mount St,Hunters Hill,NSW,2110,Australia,#N/A,#N/A,#N/A,(786) 361-1349,#N/A,#N/A,Healthcare,5.85033103E8,#N/A,CG South is the leader in Healthcare in Hunters Hill,false,#N/A,#N/A,#N/A,#N/A,#N/A,#N/A,#N/A,#N/A,false,false,false,#N/A,false,false,false,false,#N/A,Never,false,true,#N/A,Contract Based,Same,No,#N/A,#N/A,#N/A,#N/A,#N/A,#N/A,#N/A,#N/A
db3c2059-05ce-4d54-ac93-babc15862e9e,Wordtune,Prospect,1 Infinite Loop,Cupertino,CA,95014-2083,United States,#N/A,#N/A,#N/A,#N/A,#N/A,#N/A,#N/A,#N/A,#N/A,#N/A,#N/A,(985) 813-7231,#N/A,#N/A,Transportation,2.33715E11,#N/A,Sweetwine Car Service is the leader in Transportation in Cupertino,false,#N/A,#N/A,#N/A,#N/A,#N/A,#N/A,#N/A,#N/A,false,false,false,#N/A,false,false,false,false,#N/A,Never,false,true,#N/A,Contract Based,Same,No,#N/A,#N/A,#N/A,#N/A,#N/A,#N/A,#N/A,#N/A
dc7f9804-c8e0-4560-af9d-f0b490bd865d,Yodel,Customer,770 Cochituate Rd Ste 1,Framingham,MA,01701-4698,United States,#N/A,#N/A,#N/A,P.O. BOX 9133,Framingham,MA,01701-9133,US,#N/A,#N/A,#N/A,(972) 781-8872,#N/A,#N/A,Consumer Goods,3.0944938E10,#N/A,Prandial Foods is the leader in Consumer Goods in Framingham,false,#N/A,#N/A,#N/A,#N/A,#N/A,#N/A,#N/A,#N/A,false,false,false,#N/A,false,false,false,false,#N/A,Never,false,true,#N/A,Contract Based,Same,No,#N/A,#N/A,#N/A,#N/A,#N/A,#N/A,#N/A,#N/A
dd0cc3e8-a061-4b2d-9983-f70baf551df1,KFC,Customer,#N/A,#N/A,#N/A,#N/A,#N/A,#N/A,#N/A,#N/A,#N/A,#N/A,#N/A,#N/A,#N/A,#N/A,#N/A,#N/A,(980) 361-1741 x8925,#N/A,#N/A,Restaurant,#N/A,500,#N/A,false,#N/A,#N/A,#N/A,#N/A,#N/A,#N/A,#N/A,#N/A,false,false,false,#N/A,false,false,false,false,#N/A,Never,false,true,#N/A,Contract Based,Same,No,#N/A,#N/A,1500.0,21621.0,78-5876113,ap@kfc.com.invalid.invalid,#N/A,#N/A
de12b6d0-9e76-48ae-8669-b77ff5b16ff1,Oyonder,Prospect,08697 Ryan Junction,Cincinnati,OH,45271,United States,#N/A,#N/A,#N/A,#N/A,#N/A,#N/A,#N/A,#N/A,#N/A,#N/A,#N/A,(917) 443-6140,#N/A,#N/A,Construction,2.0845725E7,#N/A,#N/A,false,#N/A,#N/A,#N/A,#N/A,#N/A,#N/A,#N/A,#N/A,false,false,false,#N/A,false,false,false,false,#N/A,Never,false,true,#N/A,Contract Based,Same,No,#N/A,#N/A,#N/A,#N/A,#N/A,#N/A,#N/A,#N/A
dee823b1-7b48-4257-ba60-1b4f8908ac83,Kanoodle,Customer,4/81 Doncaster Av,Kensington,NSW,1465,Australia,#N/A,#N/A,#N/A,4/81 Doncaster Av,Kensington,NSW,1465,Australia,#N/A,#N/A,#N/A,(903) 517-2306,#N/A,#N/A,Media,4.2451628E8,#N/A,Sample Company is the leader in Media in Kensington,false,#N/A,#N/A,#N/A,#N/A,#N/A,#N/A,#N/A,#N/A,false,false,false,#N/A,false,false,false,false,#N/A,Never,false,true,#N/A,Contract Based,Same,No,#N/A,#N/A,#N/A,#N/A,#N/A,#N/A,#N/A,#N/A
e050bc62-6c3d-475d-8f85-eb3b0fac344c,Oyoba,Customer,178 Campbell Parade,Bondi,NSW,2026,Australia,#N/A,#N/A,#N/A,178 Campbell Parade,Bondi,NSW,2026,Australia,#N/A,#N/A,#N/A,(786) 469-2958 x9725,#N/A,#N/A,Healthcare,5.6873066E8,#N/A,Danielle Bogartz Hospital is the leader in Healthcare in Bondi,false,#N/A,#N/A,#N/A,#N/A,#N/A,#N/A,#N/A,#N/A,false,false,false,#N/A,false,false,false,false,#N/A,Never,false,true,#N/A,Contract Based,Same,No,#N/A,#N/A,#N/A,#N/A,#N/A,#N/A,#N/A,#N/A
e06d08f4-fe08-4a5d-b5c8-c35aa6a1dd7b,Shufflester,Prospect,1000 Nicollet Mall,Minneapolis,MN,55403-2542,United States,#N/A,#N/A,#N/A,P.O. BOX 81226,#N/A,#N/A,#N/A,#N/A,#N/A,#N/A,#N/A,(510) 580-1300,#N/A,#N/A,Services,7.3785E10,#N/A,"Equality Consulting, LLC is the leader in Services in Minneapolis",false,#N/A,#N/A,#N/A,#N/A,#N/A,#N/A,#N/A,#N/A,false,false,false,#N/A,false,false,false,false,#N/A,Never,false,true,#N/A,Contract Based,Same,No,#N/A,#N/A,#N/A,#N/A,#N/A,#N/A,#N/A,#N/A
e147fb16-5e30-4467-8c6b-871b067f064a,Browsecat,Customer,6 Rush St,Woollahra,NSW,2025,Australia,#N/A,#N/A,#N/A,6 Rush St,Woollahra,NSW,2025,Australia,#N/A,#N/A,#N/A,(408) 267-4255,#N/A,#N/A,Insurance,9.43474187E8,#N/A,Rouster and Sideways is the leader in Insurance in Woollahra,false,#N/A,#N/A,#N/A,#N/A,#N/A,#N/A,#N/A,#N/A,false,false,false,#N/A,false,false,false,false,#N/A,Never,false,true,#N/A,Contract Based,Same,No,#N/A,#N/A,#N/A,#N/A,#N/A,#N/A,#N/A,#N/A
e228cd3c-8a09-41a3-8104-02ddeb866405,Dynava,Prospect,3 Parkway N Ste 300,Deerfield,IL,60015-2565,United States,#N/A,#N/A,#N/A,23 Lundy Av,#N/A,#N/A,#N/A,#N/A,#N/A,#N/A,#N/A,(815) 901-9115,#N/A,#N/A,Transportation,2.9636E10,#N/A,SWD Logistics is the leader in Transportation in Deerfield,false,#N/A,#N/A,#N/A,#N/A,#N/A,#N/A,#N/A,#N/A,false,false,false,#N/A,false,false,false,false,#N/A,Never,false,true,#N/A,Contract Based,Same,No,#N/A,#N/A,#N/A,#N/A,#N/A,#N/A,#N/A,#N/A
e29b8445-15a2-4fa5-ac52-619aa0b5a7e4,Voolia,Customer,"16, bd des Italiens",Paris,Paris,#N/A,France,#N/A,#N/A,#N/A,#N/A,#N/A,#N/A,#N/A,#N/A,#N/A,#N/A,#N/A,(203) 775-9578,#N/A,#N/A,Healthcare,7.76395463E8,#N/A,SS South is the leader in Healthcare in Paris,false,#N/A,#N/A,#N/A,#N/A,#N/A,#N/A,#N/A,#N/A,false,false,false,#N/A,false,false,false,false,#N/A,Never,false,true,#N/A,Contract Based,Same,No,#N/A,#N/A,#N/A,#N/A,#N/A,#N/A,#N/A,#N/A
e2e107de-f736-4cdd-b2fc-8a2700fc02a4,Yamia,Prospect,700 Anderson Hill Rd,Purchase,NY,10577-1444,United States,#N/A,#N/A,#N/A,#N/A,#N/A,#N/A,#N/A,#N/A,#N/A,#N/A,#N/A,(406) 931-5304,#N/A,#N/A,Hospitality,6.3056E10,#N/A,General Services Corporation is the leader in Hospitality in Purchase,false,#N/A,#N/A,#N/A,#N/A,#N/A,#N/A,#N/A,#N/A,false,false,false,#N/A,false,false,false,false,#N/A,Never,false,true,#N/A,Contract Based,Same,No,#N/A,#N/A,#N/A,#N/A,#N/A,#N/A,#N/A,#N/A
e34e3bbc-d104-4969-8788-3f9155c40bd3,Tazz,Customer,1 John Deere Pl,Moline,IL,61265-8098,United States,#N/A,#N/A,#N/A,#N/A,#N/A,#N/A,#N/A,#N/A,#N/A,#N/A,#N/A,(484) 607-9453,#N/A,#N/A,Technology,2.88628E10,#N/A,Fastforward Software is the leader in Technology in Moline,false,#N/A,#N/A,#N/A,#N/A,#N/A,#N/A,#N/A,#N/A,false,false,false,#N/A,false,false,false,false,#N/A,Never,false,true,#N/A,Contract Based,Same,No,#N/A,#N/A,#N/A,#N/A,#N/A,#N/A,#N/A,#N/A
e58e8a67-1137-4735-a6b7-f565ea778f2e,Fatz,Customer,1600 Amphitheatre Pkwy,Mountain View,CA,94043-1351,United States,#N/A,#N/A,#N/A,#N/A,#N/A,#N/A,#N/A,#N/A,#N/A,#N/A,#N/A,(509) 678-9957 x0061,#N/A,#N/A,Retail,7.4989E10,#N/A,Roxxon is the leader in Retail in Mountain View,false,#N/A,#N/A,#N/A,#N/A,#N/A,#N/A,#N/A,#N/A,false,false,false,#N/A,false,false,false,false,#N/A,Never,false,true,#N/A,Contract Based,Same,No,#N/A,#N/A,#N/A,#N/A,#N/A,#N/A,#N/A,#N/A
ea2759c7-b40f-42b9-8493-d22c4dc46567,Universal Studios,Prospect,#N/A,#N/A,#N/A,#N/A,#N/A,#N/A,#N/A,#N/A,#N/A,#N/A,#N/A,#N/A,#N/A,#N/A,#N/A,#N/A,(630) 434-5506 x0642,#N/A,#N/A,Entertainment,#N/A,#N/A,#N/A,false,#N/A,#N/A,#N/A,#N/A,#N/A,#N/A,#N/A,#N/A,false,false,false,#N/A,false,false,false,false,#N/A,Never,false,true,#N/A,Contract Based,Same,No,#N/A,#N/A,4.0,0.0,12-3456789,ap@universal.com,#N/A,#N/A
ed0f11c1-dee3-4c7b-913d-5f7944b08574,Linklinks,Prospect,336 Erie Plaza,Pueblo,CO,81005,United States,#N/A,#N/A,#N/A,#N/A,#N/A,#N/A,#N/A,#N/A,#N/A,#N/A,#N/A,(231) 941-2321,#N/A,#N/A,Utilities,2.4520919E7,#N/A,#N/A,false,#N/A,#N/A,#N/A,#N/A,#N/A,#N/A,#N/A,#N/A,false,false,false,#N/A,false,false,false,false,#N/A,Never,false,true,#N/A,Contract Based,Same,No,#N/A,#N/A,#N/A,#N/A,#N/A,#N/A,#N/A,#N/A
ed1e0f7f-9729-4bb6-ba27-2b4af79ab396,Topdrive,Prospect,539 S Main St,Findlay,OH,45840-3229,United States,#N/A,#N/A,#N/A,#N/A,#N/A,#N/A,#N/A,#N/A,#N/A,#N/A,#N/A,(207) 412-9552,#N/A,#N/A,Healthcare,7.2258E10,#N/A,Claton Gardner Hospital is the leader in Healthcare in Findlay,false,#N/A,#N/A,#N/A,#N/A,#N/A,#N/A,#N/A,#N/A,false,false,false,#N/A,false,false,false,false,#N/A,Never,false,true,#N/A,Contract Based,Same,No,#N/A,#N/A,#N/A,#N/A,#N/A,#N/A,#N/A,#N/A
ee0fdec2-f7c4-415d-af5d-a5ac9fb1c60d,Eamia,Customer,2/2 Bowns Rd,Kogarah,NSW,2217,Australia,#N/A,#N/A,#N/A,2/2 Bowns Rd,Kogarah,NSW,2217,Australia,#N/A,#N/A,#N/A,(478) 404-9607 x4606,#N/A,#N/A,Communications,5.1403189E8,#N/A,Burleigh and Stronginthearm is the leader in Communications in Kogarah,false,#N/A,#N/A,#N/A,#N/A,#N/A,#N/A,#N/A,#N/A,false,false,false,#N/A,false,false,false,false,#N/A,Never,false,true,#N/A,Contract Based,Same,No,#N/A,#N/A,#N/A,#N/A,#N/A,#N/A,#N/A,#N/A
f2ee40fa-c294-413a-8d46-b8f0864e9e27,Meembee,Customer,1 Canada Square,Canary Wharf,London,E14 5AJ,United Kingdom,#N/A,#N/A,#N/A,#N/A,#N/A,#N/A,#N/A,#N/A,#N/A,#N/A,#N/A,(561) 240-3181 x5812,#N/A,#N/A,Healthcare,1.78663741E8,#N/A,St. Francis Hospital is the leader in Healthcare in Canary Wharf,false,#N/A,#N/A,#N/A,#N/A,#N/A,#N/A,#N/A,#N/A,false,false,false,#N/A,false,false,false,false,#N/A,Never,false,true,#N/A,Contract Based,Same,No,#N/A,#N/A,#N/A,#N/A,#N/A,#N/A,#N/A,#N/A
f3aff87e-02ce-43d3-bcc6-447ecb33d7bf,Gabtune,Prospect,1234 Hilltop Road,Broomfield,Colorado,80020,USA,#N/A,#N/A,#N/A,#N/A,#N/A,#N/A,#N/A,#N/A,#N/A,#N/A,#N/A,(339) 323-2015,#N/A,#N/A,Healthcare,#N/A,#N/A,Adams Household is the leader in Healthcare in Broomfield,false,#N/A,#N/A,#N/A,#N/A,#N/A,#N/A,#N/A,#N/A,false,false,false,#N/A,false,false,false,false,#N/A,Never,false,true,#N/A,Contract Based,Same,No,#N/A,#N/A,#N/A,#N/A,#N/A,#N/A,#N/A,#N/A
f632a989-dce8-404f-afc7-10432c3880b4,Fanoodle,Prospect,51368 Leverkusen,North Rhine-Westphalia,Leverkusen,#N/A,Germany,#N/A,#N/A,#N/A,#N/A,#N/A,#N/A,#N/A,#N/A,#N/A,#N/A,#N/A,(216) 253-8432,#N/A,#N/A,Banking,8.4202995E8,#N/A,SpringShield is the leader in Banking in North Rhine-Westphalia,false,#N/A,#N/A,#N/A,#N/A,#N/A,#N/A,#N/A,#N/A,false,false,false,#N/A,false,false,false,false,#N/A,Never,false,true,#N/A,Contract Based,Same,No,#N/A,#N/A,#N/A,#N/A,#N/A,#N/A,#N/A,#N/A
f6ea0f26-ead1-4e1c-a690-91cad28d99ad,Digitube,Prospect,1295 State St,Springfield,MA,01111-0001,United States,#N/A,#N/A,#N/A,#N/A,#N/A,#N/A,#N/A,#N/A,#N/A,#N/A,#N/A,(508) 321-6116,#N/A,#N/A,Manufacturing,1.9687E10,#N/A,Sirius Cybernetics Corporation is the leader in Manufacturing in Springfield,false,#N/A,#N/A,#N/A,#N/A,#N/A,#N/A,#N/A,#N/A,false,false,false,#N/A,false,false,false,false,#N/A,Never,false,true,#N/A,Contract Based,Same,No,#N/A,#N/A,#N/A,#N/A,#N/A,#N/A,#N/A,#N/A
f819329b-d26c-4170-983f-3e1709c406f7,IHG Hotels & Resorts,Prospect,#N/A,#N/A,#N/A,#N/A,#N/A,#N/A,#N/A,#N/A,#N/A,#N/A,#N/A,#N/A,#N/A,#N/A,#N/A,#N/A,(702) 878-6038 x3726,#N/A,#N/A,Hospitality,#N/A,9636,#N/A,false,#N/A,#N/A,#N/A,#N/A,#N/A,#N/A,#N/A,#N/A,false,false,false,#N/A,false,false,false,false,#N/A,Never,false,true,#N/A,Contract Based,Same,No,#N/A,#N/A,2950.0,3000.0,73-6482303,accounting@ihg.com.invalid.invalid,#N/A,#N/A
faf08957-1c59-46ec-85e7-283d50e6c9c7,Realbridge,Prospect,50 Loch Av,Ballarat Central,VIC,3350,Australia,#N/A,#N/A,#N/A,50 Loch Av,Ballarat Central,VIC,3350,Australia,#N/A,#N/A,#N/A,(818) 443-8001 x9540,#N/A,#N/A,Manufacturing,2.89485471E8,#N/A,Incom Corporation is the leader in Manufacturing in Ballarat Central,false,#N/A,#N/A,#N/A,#N/A,#N/A,#N/A,#N/A,#N/A,false,false,false,#N/A,false,false,false,false,#N/A,Never,false,true,#N/A,Contract Based,Same,No,#N/A,#N/A,#N/A,#N/A,#N/A,#N/A,#N/A,#N/A
fe39a268-2f7a-4356-9310-ed17ad170632,Browsebug,Customer,600 N Dairy Ashford Rd,Houston,TX,77079-1100,United States,#N/A,#N/A,#N/A,P.O. BOX 2197,Houston,TX,77252-2197,US,#N/A,#N/A,#N/A,(770) 434-3556,#N/A,#N/A,Technology,3.0935E10,#N/A,"Optimetrics, LLC is the leader in Technology in Houston",false,#N/A,#N/A,#N/A,#N/A,#N/A,#N/A,#N/A,#N/A,false,false,false,#N/A,false,false,false,false,#N/A,Never,false,true,#N/A,Contract Based,Same,No,#N/A,#N/A,#N/A,#N/A,#N/A,#N/A,#N/A,#N/A
ff719f2c-94d0-4bf5-b69d-c6cad249d775,Thoughtmix,Customer,1 Coca Cola Plz NW,Atlanta,GA,30313-2499,United States,#N/A,#N/A,#N/A,P.O. BOX 1734,Atlanta,GA,30301-1734,US,#N/A,#N/A,#N/A,(857) 321-0925 x4405,#N/A,#N/A,Energy,4.4294E10,#N/A,Transworld Consortium is the leader in Energy in Atlanta,false,#N/A,#N/A,#N/A,#N/A,#N/A,#N/A,#N/A,#N/A,false,false,false,#N/A,false,false,false,false,#N/A,Never,false,true,#N/A,Contract Based,Same,No,#N/A,#N/A,#N/A,#N/A,#N/A,#N/A,#N/A,#N/A
fff1d9a7-630f-45bc-85ed-29b666f9b6b5,Kazu,Prospect,1095 Ave of The Americas,New York,NY,10036-6704,United States,#N/A,#N/A,#N/A,#N/A,#N/A,#N/A,#N/A,#N/A,#N/A,#N/A,#N/A,(231) 609-2401 x5096,#N/A,#N/A,Services,1.3162E11,#N/A,Colonial Movers is the leader in Services in New York,false,#N/A,#N/A,#N/A,#N/A,#N/A,#N/A,#N/A,#N/A,false,false,false,#N/A,false,false,false,false,#N/A,Never,false,true,#N/A,Contract Based,Same,No,#N/A,#N/A,#N/A,#N/A,#N/A,#N/A,#N/A,#N/A
bfcb9475-a184-44e2-a28a-2601b30cf2cb,test,#N/A,#N/A,#N/A,#N/A,#N/A,#N/A,#N/A,#N/A,#N/A,#N/A,#N/A,#N/A,#N/A,#N/A,#N/A,#N/A,#N/A,#N/A,#N/A,#N/A,#N/A,#N/A,#N/A,#N/A,false,#N/A,#N/A,#N/A,#N/A,false,#N/A,#N/A,#N/A,false,false,false,#N/A,false,false,false,false,#N/A,Never,false,true,#N/A,Contract Based,Same,No,#N/A,#N/A,#N/A,#N/A,#N/A,#N/A,#N/A,#N/A
